tx_hash,block_number,log_index,block_time,wallet,sender,recipient,project,pool_address,token_in,token_out,amount_in_float,amount_out_float,amount_in_raw,amount_out_raw,amount_usd,tick,sqrt_price_x96,liquidity,weth_price_at_block,amount_overflow,malformed_legs
0xcea187be4602f9861d1ac55f0267a18b9276aa3fd6ae50f5041b1cf4e5ca9a11,21525891,2,2025-01-01 00:00:11.000000,0x93793bd1f3e35a0efd098c30e486a860a0ef7551,0x68d3a973e7272eb388022a5c6518d9b2a2e66fbf,0x68d3a973e7272eb388022a5c6518d9b2a2e66fbf,Uniswap V3,0x531b6a4b3f962208ea8ed5268c642c84bb29be0b,0xc02aaa39b223fe8d0a0e5c4f27ead9083c756cc2,0x7dd9c5cba05e151c895fde1cf355c9a1d5da6429,19.947378597632607,178172.73316313166,19947378597632608194,178172733163131679037638,66584.15028511167,-90913,8.410748361977236e+26,112668466178642958034869,3337.99,false,false
0x33c05ea4d7e462273fa53b5da43b9d27df4090cfd5a144a909c1676a4d002116,21525891,5,2025-01-01 00:00:11.000000,0x93793bd1f3e35a0efd098c30e486a860a0ef7551,0x68d3a973e7272eb388022a5c6518d9b2a2e66fbf,0x68d3a973e7272eb388022a5c6518d9b2a2e66fbf,Uniswap V3,0xfe4ec8f377be9e1e95a49d4e0d20f52d07b1ff0d,0xc02aaa39b223fe8d0a0e5c4f27ead9083c756cc2,0x7dd9c5cba05e151c895fde1cf355c9a1d5da6429,14.544988679040689,128469.9744047824,14544988679040688710,128469974404782414080015,48551.026760751025,-90833,8.44434255075615e+26,214641392587639390120174,3337.99,false,false
0xacfef6732d5db73fd37d96f0c2a26a7d172a0ab754c74a07b62cc46d903af6ec,21525891,8,2025-01-01 00:00:11.000000,0x93793bd1f3e35a0efd098c30e486a860a0ef7551,0x68d3a973e7272eb388022a5c6518d9b2a2e66fbf,0x68d3a973e7272eb388022a5c6518d9b2a2e66fbf,Uniswap V3,0x60257c66cee64c535ba905dd0e7a056cbb3d8658,0xa0b86991c6218b36c1d19d4a2e9eb0ce3606eb48,0x7dd9c5cba05e151c895fde1cf355c9a1d5da6429,2773.697109,7435.704753873904,2773697109,7435704753873903875202,2773.697109,-286102,4.859283339910119e+22,244895627220386035,3337.99,false,false
0xa6aec3e39c4b002e2c394904f3b0095042e6163e926258c91598ecb5dd44c88c,21525891,11,2025-01-01 00:00:11.000000,0x93793bd1f3e35a0efd098c30e486a860a0ef7551,0x68d3a973e7272eb388022a5c6518d9b2a2e66fbf,0x68d3a973e7272eb388022a5c6518d9b2a2e66fbf,Uniswap V3,0x20dac1a2cf8b1bf476e144f4da439b4d8a51ea5b,0xdac17f958d2ee523a2206206994597c13d831ec7,0x7dd9c5cba05e151c895fde1cf355c9a1d5da6429,939.065513,2510.2882990057465,939065513,2510288299005746817491,939.065513,-286082,4.864158707333397e+22,86738417853742501,3337.99,false,false
0x7d6a917a8615615e191720043a40e4f2c4ba5576d55f2b1bcbc30563946c2389,21525891,14,2025-01-01 00:00:11.000000,0x93793bd1f3e35a0efd098c30e486a860a0ef7551,0x68d3a973e7272eb388022a5c6518d9b2a2e66fbf,0x68d3a973e7272eb388022a5c6518d9b2a2e66fbf,Uniswap V3,0x11b815efb8f581194ae79006d24e0d814b7697f6,0xc02aaa39b223fe8d0a0e5c4f27ead9083c756cc2,0xdac17f958d2ee523a2206206994597c13d831ec7,15.625627658325051,52148.186649,15625627658325050909,52148186649,52148.186649,-195188,4.577673936382653e+24,4433707888070012517,3337.99,false,false
0x12b61d6fd4ed1ee2ce88eeb9b8820e06ac247190cd5588e1c91eea9be4bd55bb,21525891,17,2025-01-01 00:00:11.000000,0x93793bd1f3e35a0efd098c30e486a860a0ef7551,0x68d3a973e7272eb388022a5c6518d9b2a2e66fbf,0x68d3a973e7272eb388022a5c6518d9b2a2e66fbf,Uniswap V3,0x88e6a0c2ddd26feeb64f039a2c41296fcb3f5640,0xc02aaa39b223fe8d0a0e5c4f27ead9083c756cc2,0xa0b86991c6218b36c1d19d4a2e9eb0ce3606eb48,18.514215703417328,61661.863614,18514215703417325815,61661863614,61661.863614,195207,1.3726090839102375e+33,7352197252816085174,3337.99,false,false
0x859cb71efa6688273585f8c7ec3bbf0786f945197551fa8ef86b6794ed4517ca,21525891,61,2025-01-01 00:00:11.000000,0xc184a59a2fdae7058a19633c758d54a28a27bbfa,0xe592427a0aece92de3edee1f18e0157c05861564,0x23e182724f1b00a3c5a2c76502096625b5fe87cd,Uniswap V3,0x4e68ccd3e89f51c3074ca5072bbac773960dfa36,0xdac17f958d2ee523a2206206994597c13d831ec7,0xc02aaa39b223fe8d0a0e5c4f27ead9083c756cc2,90.149774,0.0269151406475117,90149774,26915140647511701,90.149774,-195185,4.5783735744750856e+24,4662359228931794941,3337.99,false,false
0x859cb71efa6688273585f8c7ec3bbf0786f945197551fa8ef86b6794ed4517ca,21525891,62,2025-01-01 00:00:11.000000,0xc184a59a2fdae7058a19633c758d54a28a27bbfa,0xe592427a0aece92de3edee1f18e0157c05861564,0xc184a59a2fdae7058a19633c758d54a28a27bbfa,Uniswap V3,0x23e182724f1b00a3c5a2c76502096625b5fe87cd,0xc02aaa39b223fe8d0a0e5c4f27ead9083c756cc2,0x2a92525fda8d3ab481f8e2a913b64b64bd1c9fdd,0.0269151406475117,31.47,26915140647511701,31470000000000000000,89.84247032998758,-70667,2.314503012861443e+27,1104722965244904211883,3337.99,false,false
0x39f83d101bcd7eae7bcfae20f80d38f4d0a19f634627f38cde2df2d899328896,21525891,194,2025-01-01 00:00:11.000000,0xff82bf5238637b7e5e345888bab9cd99f5ebe331,0xa69babef1ca67a37ffaf7a485dfff3382056e78c,0xa69babef1ca67a37ffaf7a485dfff3382056e78c,Uniswap V3,0x60a531c09dc5b6bb82ee5c6b07ad5eed6954c929,0x6b175474e89094c44da98b954eedeac495271d0f,0x7dd9c5cba05e151c895fde1cf355c9a1d5da6429,1853.632291598991,4982.68100165052,1853632291598991054368,4982681001650518974871,1853.632291598991,9809,1.2938240390880706e+29,168081316052523100340274,3337.99,false,false
0x3ded6b36bf5925b28aabf555d929dfd3887822ad3f8ecf7b2c5080608b696b24,21525891,394,2025-01-01 00:00:11.000000,0x50acf984362825970cd6357eaa330eddee0ac9f2,0xe592427a0aece92de3edee1f18e0157c05861564,0x50acf984362825970cd6357eaa330eddee0ac9f2,Uniswap V3,0x96039fa4d049f8a234485524546db44489b12d24,0xc02aaa39b223fe8d0a0e5c4f27ead9083c756cc2,0x7296eaa225804451a91616b29d040cab05435f0d,0.18205702593416115,399.98071955,182057025934161137,39998071955,607.7045319979705,153343,1.692523373055494e+32,15124637242595917,3337.99,false,false
0x1843413196842e7055343340d1fd072f3bff59a202a90aea103c6fb04b92f3b4,21525891,434,2025-01-01 00:00:11.000000,0xaa31969dbdbaa86007921e1ba81e440a2bdf3af8,0xfbeedcfe378866dab6abbafd8b2986f5c1768737,0xfbeedcfe378866dab6abbafd8b2986f5c1768737,Uniswap V3,0x95a45a87dd4d3a1803039072f37e075f37b23d75,0x44ff8620b8ca30902395a7bd3f2407e1a091bf73,0xc02aaa39b223fe8d0a0e5c4f27ead9083c756cc2,2303.7016213564348,2.7100391085822837,2303701621356434800000,2710039108582283543,9046.083444056576,-67364,2.73010765532175e+27,108819939739088081315156,3337.99,false,false
0xd91a8ddc2a83b352950a385ffa76fe3ce493220928fe2410c2d0cddfcd0e204b,21525891,437,2025-01-01 00:00:11.000000,0xee28beaa11e31d10581ee7cfdcb9e95c8d05c53c,0xfbeedcfe378866dab6abbafd8b2986f5c1768737,0xfbeedcfe378866dab6abbafd8b2986f5c1768737,Uniswap V3,0x16588709ca8f7b84829b43cc1c5cb7e84a321b16,0xb23d80f5fefcddaa212212f028021b41ded428cf,0xc02aaa39b223fe8d0a0e5c4f27ead9083c756cc2,183.35150538222507,0.6904398783018311,183351505382225100000,690439878301831032,2304.681409372729,-55794,4.8686380842625054e+27,53964532071665349841981,3337.99,false,false
0x7adbbe0bc06173c51a97bcfe3d9161f37700e77d58d926afb2860eb0301f8338,21525892,7,2025-01-01 00:00:23.000000,0xae2fc483527b8ef99eb5d9b44875f005ba1fae13,0x1f2f10d1c40777ae1da742455c65828ff36df387,0xaba18bf37fd8d00d0ce8458369ca82bf52332a2b,Uniswap V3,0x11950d141ecb863f01007add7d1a342041227b58,0xc02aaa39b223fe8d0a0e5c4f27ead9083c756cc2,0x6982508145454ce325ddbe47a25d4ec3d2311933,0.08468396036954522,14115084.377878752,84683960369545216,14115084377878751150497653,282.67421287393825,-189355,6.127672985868756e+24,24753159273248129114069003,3337.99,false,false
0x7adbbe0bc06173c51a97bcfe3d9161f37700e77d58d926afb2860eb0301f8338,21525892,14,2025-01-01 00:00:23.000000,0xae2fc483527b8ef99eb5d9b44875f005ba1fae13,0x1f2f10d1c40777ae1da742455c65828ff36df387,0x1f2f10d1c40777ae1da742455c65828ff36df387,Uniswap V3,0xfe4ec8f377be9e1e95a49d4e0d20f52d07b1ff0d,0x7dd9c5cba05e151c895fde1cf355c9a1d5da6429,0xc02aaa39b223fe8d0a0e5c4f27ead9083c756cc2,774.0228260162002,0.08766067335338394,774022826016200260255,87660673353383937,292.61045104686207,-90834,8.444018978774492e+26,214641392587639390120174,3337.99,false,false
0x7adbbe0bc06173c51a97bcfe3d9161f37700e77d58d926afb2860eb0301f8338,21525892,17,2025-01-01 00:00:23.000000,0xae2fc483527b8ef99eb5d9b44875f005ba1fae13,0x1f2f10d1c40777ae1da742455c65828ff36df387,0x1f2f10d1c40777ae1da742455c65828ff36df387,Uniswap V3,0xcf0107c326d965825467eb6e18bd6358e14517c8,0xdac17f958d2ee523a2206206994597c13d831ec7,0x817bbdbc3e8a1204f3691d14bb44992841e3db35,752.464145,68004.17523857632,752464145,68004175238576325817975,752.464145,-321101,8.445296724368575e+21,194578496158255835,3337.99,false,false
0x64f53afb298f3d33e6c2a72dce40fda9ca25897bb7e0c1c4c3b53f5b1fb33bc6,21525892,32,2025-01-01 00:00:23.000000,0x42c0d180edcd556443c8c845b7f466121d18b2fb,0x70bf6634ee8cb27d04478f184b9b8bb13e5f4710,0x70bf6634ee8cb27d04478f184b9b8bb13e5f4710,Uniswap V3,0xcf0107c326d965825467eb6e18bd6358e14517c8,0xdac17f958d2ee523a2206206994597c13d831ec7,0x817bbdbc3e8a1204f3691d14bb44992841e3db35,333.543556,28606.014362567366,333543556,28606014362567366663602,333.543556,-320785,8.579750341347975e+21,194578496158255835,3337.99,false,false
0x9bf06ddc38fdc12b96fd98a16ef3762696cd35aebee6ceebbf9fc832e1622489,21525892,54,2025-01-01 00:00:23.000000,0xae2fc483527b8ef99eb5d9b44875f005ba1fae13,0x1f2f10d1c40777ae1da742455c65828ff36df387,0x1f2f10d1c40777ae1da742455c65828ff36df387,Uniswap V3,0xdd0d92d479794180869569e6e341b379b7bcedb7,0x181d606e5fa001b81f37215b85548b155fe70fea,0xc02aaa39b223fe8d0a0e5c4f27ead9083c756cc2,13177934.176119732,0.037286966047277055,131779341761197306,37286966047277057,124.46351979615032,-12624,4.214705650415423e+28,7045567103666067237,3337.99,false,false
0x9bf06ddc38fdc12b96fd98a16ef3762696cd35aebee6ceebbf9fc832e1622489,21525892,57,2025-01-01 00:00:23.000000,0xae2fc483527b8ef99eb5d9b44875f005ba1fae13,0x1f2f10d1c40777ae1da742455c65828ff36df387,0x1f2f10d1c40777ae1da742455c65828ff36df387,Uniswap V3,0xcf0107c326d965825467eb6e18bd6358e14517c8,0x817bbdbc3e8a1204f3691d14bb44992841e3db35,0xdac17f958d2ee523a2206206994597c13d831ec7,68004.17412954847,761.002022,68004174129548458713097,761002022,761.002022,-321521,8.269886748694539e+21,194578496158255835,3337.99,false,false
0x1195ff6486ad80a651b24ca2b87bbe911c5a492ae373f99a2d2aea83c7777aba,21525892,65,2025-01-01 00:00:23.000000,0xc184a59a2fdae7058a19633c758d54a28a27bbfa,0xe592427a0aece92de3edee1f18e0157c05861564,0x23e182724f1b00a3c5a2c76502096625b5fe87cd,Uniswap V3,0x4e68ccd3e89f51c3074ca5072bbac773960dfa36,0xdac17f958d2ee523a2206206994597c13d831ec7,0xc02aaa39b223fe8d0a0e5c4f27ead9083c756cc2,124.341398,0.03712337166304422,124341398,37123371663044218,124.341398,-195185,4.578375681088036e+24,4662359228931794941,3337.99,false,false
0x1195ff6486ad80a651b24ca2b87bbe911c5a492ae373f99a2d2aea83c7777aba,21525892,66,2025-01-01 00:00:23.000000,0xc184a59a2fdae7058a19633c758d54a28a27bbfa,0xe592427a0aece92de3edee1f18e0157c05861564,0xc184a59a2fdae7058a19633c758d54a28a27bbfa,Uniswap V3,0x23e182724f1b00a3c5a2c76502096625b5fe87cd,0xc02aaa39b223fe8d0a0e5c4f27ead9083c756cc2,0x2a92525fda8d3ab481f8e2a913b64b64bd1c9fdd,0.03712337166304422,43.32000000000001,37123371663044218,43320000000000008192,123.91744337752496,-70644,2.3171574275571467e+27,1104722965244904211883,3337.99,false,false
0x10274e853f310fa7b0955d0260ffa7ddb44c7f92fdac5978c6b45ac45a7bdf13,21525892,75,2025-01-01 00:00:23.000000,0xda185de422ec436a3a1ae32257bee8a9870763da,0xe592427a0aece92de3edee1f18e0157c05861564,0x69460570c93f9de5e2edbc3052bf10125f0ca22d,Uniswap V3,0x7858e59e0c01ea06df3af3d20ac7b0003275d4bf,0xdac17f958d2ee523a2206206994597c13d831ec7,0xa0b86991c6218b36c1d19d4a2e9eb0ce3606eb48,5234.926458,5223.298447,5234926458,5223298447,5223.298447,17,7.929811465196974e+28,126034856674102,3337.99,false,false
0xd8d2b7bfb9004244c3ee6758c305615231ca44178fe5287f93812a60ca7c073d,21525892,91,2025-01-01 00:00:23.000000,0xbbad96336943a36e3e292d973b3382dd0ba4d1ef,0xa69babef1ca67a37ffaf7a485dfff3382056e78c,0xa69babef1ca67a37ffaf7a485dfff3382056e78c,Uniswap V3,0xfe4ec8f377be9e1e95a49d4e0d20f52d07b1ff0d,0xc02aaa39b223fe8d0a0e5c4f27ead9083c756cc2,0x7dd9c5cba05e151c895fde1cf355c9a1d5da6429,18.5318936890282,161354.9021382725,18531893689028199962,161354902138272505553470,61859.27581503923,-90673,8.512218459014027e+26,214641392587639390120174,3337.99,false,false
0x0afbe5f834f796130d20649b7572ae9a15347956f77860036f1f121cfffc4902,21525892,94,2025-01-01 00:00:23.000000,0x36a454aef52938c8637cd4689b2980c1cfd43389,0xa69babef1ca67a37ffaf7a485dfff3382056e78c,0xa69babef1ca67a37ffaf7a485dfff3382056e78c,Uniswap V3,0x531b6a4b3f962208ea8ed5268c642c84bb29be0b,0xc02aaa39b223fe8d0a0e5c4f27ead9083c756cc2,0x7dd9c5cba05e151c895fde1cf355c9a1d5da6429,11.107569740835286,96687.3242708268,11107569740835287236,96687324270826793475924,37076.95671921077,-90730,8.488075412456326e+26,112668466178642958034869,3337.99,false,false
0x1b6fa6e7acf312ab0d6dd16eaf6aee1a4be0da58b59960051eaa26c54763d3a4,21525892,108,2025-01-01 00:00:23.000000,0x678111a6ca5749f1744b5e080a855cec8d631e20,0x507888e987257a8dde6f8afa46375cefe2cbf504,0xa082264750d77d848cca3f2de91016aab543d442,Uniswap V3,0x49727bbe3ba46aeb1058749ed2741a42fd1ccda8,0xc02aaa39b223fe8d0a0e5c4f27ead9083c756cc2,0xba0dda8762c24da9487f5fa026a9b64b695a07ea,0.08543594451020246,11341.393061485982,85435944510202471,11341393061485981900887,285.1843284156107,-118065,2.164078664320836e+26,75779682640139039231427,3337.99,false,false
0x9bac99626333458d6ab8d83725c35c02ff3b77deede2681407977a5a8995c92d,21525892,111,2025-01-01 00:00:23.000000,0x431b5a84acc1297eda88259f300262f1bc3a74f3,0xa69babef1ca67a37ffaf7a485dfff3382056e78c,0xa69babef1ca67a37ffaf7a485dfff3382056e78c,Uniswap V3,0x60257c66cee64c535ba905dd0e7a056cbb3d8658,0xa0b86991c6218b36c1d19d4a2e9eb0ce3606eb48,0x7dd9c5cba05e151c895fde1cf355c9a1d5da6429,1451.560952,3783.9888423935536,1451560952,3783988842393553623931,1451.560952,-285912,4.905774354547095e+22,244895627220386035,3337.99,false,false
0xd45d60aa6691d42f1c7d0bddb60bc7bde6b8510ad7d6b8769bee911b038ad2ed,21525892,114,2025-01-01 00:00:23.000000,0x0b275aaeb7e834520f34a24027091edba49b7a58,0xa69babef1ca67a37ffaf7a485dfff3382056e78c,0xa69babef1ca67a37ffaf7a485dfff3382056e78c,Uniswap V3,0x60a531c09dc5b6bb82ee5c6b07ad5eed6954c929,0x6b175474e89094c44da98b954eedeac495271d0f,0x7dd9c5cba05e151c895fde1cf355c9a1d5da6429,1164.0166620918153,3039.1366503668705,1164016662091815326280,3039136650366870097626,1164.0166620918153,9586,1.279498519863609e+29,168081316052523100340274,3337.99,false,false
0x2dd845043fb121f6cf63ec50ab1011b426ca0271c5e9eaa5ce21a52e57bb1d72,21525892,119,2025-01-01 00:00:23.000000,0xf29f568f971c043df7079a3121e9de616b8998a3,0x03f911aedc25c770e701b8f563e8102cfacd62c0,0x03f911aedc25c770e701b8f563e8102cfacd62c0,Uniswap V3,0xc7bbec68d12a0d1830360f8ec58fa599ba1b0e9b,0xdac17f958d2ee523a2206206994597c13d831ec7,0xc02aaa39b223fe8d0a0e5c4f27ead9083c756cc2,3000.0,0.8987584815254839,3000000000,898758481525483875,3000.0,-195190,4.57734523120738e+24,684930080282970954,3337.99,false,false
0x2dd845043fb121f6cf63ec50ab1011b426ca0271c5e9eaa5ce21a52e57bb1d72,21525892,122,2025-01-01 00:00:23.000000,0xf29f568f971c043df7079a3121e9de616b8998a3,0x03f911aedc25c770e701b8f563e8102cfacd62c0,0xf29f568f971c043df7079a3121e9de616b8998a3,Uniswap V3,0xe2680fd7cdbb04e9087a647ad4d023ef6c8fb4e2,0xc02aaa39b223fe8d0a0e5c4f27ead9083c756cc2,0x9aab071b4129b083b01cb5a0cb513ce7eca26fa5,0.8987584815254839,8368.619389512567,898758481525483875,8368619389512566660672,3000.0468237472496,-91409,8.204605852068498e+26,55969818996415948725829,3337.99,false,false
0x2dd845043fb121f6cf63ec50ab1011b426ca0271c5e9eaa5ce21a52e57bb1d72,21525892,126,2025-01-01 00:00:23.000000,0xf29f568f971c043df7079a3121e9de616b8998a3,0x03f911aedc25c770e701b8f563e8102cfacd62c0,0xf29f568f971c043df7079a3121e9de616b8998a3,Uniswap V3,0x54578b6f942aeb23b67a8cef24220651306b8e26,0xdac17f958d2ee523a2206206994597c13d831ec7,0x9aab071b4129b083b01cb5a0cb513ce7eca26fa5,2000.0,5578.0618043674285,2000000000,5578061804367428788783,2000.0,-286598,4.7401885159083815e+22,2453966940552772031,3337.99,false,false
0x9e8b861c458b0badf5e24f35c4327e9b838bdd1fea9e789c1ac81778c9c558ce,21525892,140,2025-01-01 00:00:23.000000,0x4603180bbb8221157880afaa84638e0fc467738d,0xa69babef1ca67a37ffaf7a485dfff3382056e78c,0xa69babef1ca67a37ffaf7a485dfff3382056e78c,Uniswap V3,0x20dac1a2cf8b1bf476e144f4da439b4d8a51ea5b,0xdac17f958d2ee523a2206206994597c13d831ec7,0x7dd9c5cba05e151c895fde1cf355c9a1d5da6429,516.080667,1342.609111945074,516080667,1342609111945073970452,516.080667,-285891,4.910826888171214e+22,86738417853742501,3337.99,false,false
0x27d4f1426417fda8a9ed21cf0b6723911aa4e1204ab162667d01f33c4394f922,21525892,221,2025-01-01 00:00:23.000000,0x76e4c2791d70b706c82ffa6fb243ad7b0487d5d7,0x3fc91a3afd70395cd496c647d5a6cc9d4b2b7fad,0x3fc91a3afd70395cd496c647d5a6cc9d4b2b7fad,Uniswap V3,0x88e6a0c2ddd26feeb64f039a2c41296fcb3f5640,0xc02aaa39b223fe8d0a0e5c4f27ead9083c756cc2,0xa0b86991c6218b36c1d19d4a2e9eb0ce3606eb48,0.005,16.650152,5000000000000000,16650152,16.650152,195207,1.372609137763899e+33,7352197252816085174,3337.99,false,false
0x27d4f1426417fda8a9ed21cf0b6723911aa4e1204ab162667d01f33c4394f922,21525892,224,2025-01-01 00:00:23.000000,0x76e4c2791d70b706c82ffa6fb243ad7b0487d5d7,0x3fc91a3afd70395cd496c647d5a6cc9d4b2b7fad,0x3fc91a3afd70395cd496c647d5a6cc9d4b2b7fad,Uniswap V3,0x6928e0cee91a4ddf76cc6ed2d7a00b6a84717911,0xa0b86991c6218b36c1d19d4a2e9eb0ce3606eb48,0x07d3ac6cb048cfb308d2349d4959cbd92e4a8030,16.650152,1659.3519232961569,16650152,1659351923296156847149,16.650152,-322373,7.924997688429346e+21,1121378531963851402,3337.99,false,false
0x3d0e948a9cab20b0ef45585c6d86e54754035d9e391630b09acc4d2e450636d0,21525892,344,2025-01-01 00:00:23.000000,0x065e3dbafcb2c26a978720f9eb4bce6ad9d644a1,0xa69babef1ca67a37ffaf7a485dfff3382056e78c,0xa69babef1ca67a37ffaf7a485dfff3382056e78c,Uniswap V3,0x7270233ccae676e776a659affc35219e6fcfbb10,0xc221b7e65ffc80de234bbb6667abdd46593d34f0,0xa0b86991c6218b36c1d19d4a2e9eb0ce3606eb48,2006.8639003266755,602.173875,2006863900326675582077,602173875,602.173875,288363,1.4464190583415536e+35,356300690315347149,3337.99,false,false
0x7fdf6b4587e7f5d8a60c1d5aa0bdcb63308bb89e6390f5e132bb899d4a8f9b38,21525892,373,2025-01-01 00:00:23.000000,0x50acf984362825970cd6357eaa330eddee0ac9f2,0xe592427a0aece92de3edee1f18e0157c05861564,0x50acf984362825970cd6357eaa330eddee0ac9f2,Uniswap V3,0x96039fa4d049f8a234485524546db44489b12d24,0xc02aaa39b223fe8d0a0e5c4f27ead9083c756cc2,0x7296eaa225804451a91616b29d040cab05435f0d,0.1841256187694173,399.98038923,184125618769417322,39998038923,614.6094741961272,153457,1.70213958428111e+32,15124637242595917,3337.99,false,false
0xe057c82e6828c30ec1163d8400b2910dabbaed36c7d5697bdbe699d70eb82c8b,21525893,2,2025-01-01 00:00:35.000000,0x0bbc60e4abca38e6abc78ce86998b63f073a919e,0x6d1d1ebe7da598194293784252659e862d55b52c,0xb24cb148635e84020594f8749c5d21fcafb7c353,Uniswap V3,0xdf47636bf318f9d5cc9aafe38f7e7bf893d58fac,0xc02aaa39b223fe8d0a0e5c4f27ead9083c756cc2,0x8f8221afbb33998d8584a2b05749ba73c37a938a,0.75,18219.350525530124,750000000000000000,18219350525530126050252,2503.4925,-100925,5.098443817563738e+26,13022374455510685858507,3337.99,false,false
0xe2cc7957c0e66a3c6d294f01a3f5b3bed6973dd6fd5c28c9222565c0a7fb7689,21525893,39,2025-01-01 00:00:35.000000,0x276bf434613bd8cb5c8b3282ec6445c9370e33fa,0x828ae1566824a9835acb6f565e1e9ea22bfb883a,0x828ae1566824a9835acb6f565e1e9ea22bfb883a,Uniswap V3,0xdf47636bf318f9d5cc9aafe38f7e7bf893d58fac,0x8f8221afbb33998d8584a2b05749ba73c37a938a,0xc02aaa39b223fe8d0a0e5c4f27ead9083c756cc2,5313.436886566511,0.21880204512827803,5313436886566511684969,218802045128278017,730.3590386177407,-100977,5.085131895034479e+26,13022374455510685858507,3337.99,false,false
0x0d455be90960ff3c36e38a9707094b82eaa5a2def05b51bf88abd1c117abcf33,21525893,45,2025-01-01 00:00:35.000000,0x74e055458c9e75c3dbc82a3f05eb4ac38ce2ef8b,0x3fc91a3afd70395cd496c647d5a6cc9d4b2b7fad,0x3fc91a3afd70395cd496c647d5a6cc9d4b2b7fad,Uniswap V3,0x88e6a0c2ddd26feeb64f039a2c41296fcb3f5640,0xa0b86991c6218b36c1d19d4a2e9eb0ce3606eb48,0xc02aaa39b223fe8d0a0e5c4f27ead9083c756cc2,3000.0,0.8999856579390438,3000000000,899985657939043789,3000.0,195207,1.3725994394101257e+33,7352197252816085174,3337.99,false,false
0x0d455be90960ff3c36e38a9707094b82eaa5a2def05b51bf88abd1c117abcf33,21525893,48,2025-01-01 00:00:35.000000,0x74e055458c9e75c3dbc82a3f05eb4ac38ce2ef8b,0x3fc91a3afd70395cd496c647d5a6cc9d4b2b7fad,0x3fc91a3afd70395cd496c647d5a6cc9d4b2b7fad,Uniswap V3,0xe42318ea3b998e8355a3da364eb9d48ec725eb45,0xc02aaa39b223fe8d0a0e5c4f27ead9083c756cc2,0xd33526068d116ce69f19a9ee46f0bd304f21a51f,0.8999856579390438,259.94371920845697,899985657939043789,259943719208456931603,3004.1431263439486,56646,1.345490237120111e+30,3749999771305520209880,3337.99,false,false
0x15b01a760a04e80fa427d47eb43b332f64227e777ed402946963fb72b5c59020,21525893,74,2025-01-01 00:00:35.000000,0xc184a59a2fdae7058a19633c758d54a28a27bbfa,0xe592427a0aece92de3edee1f18e0157c05861564,0x23e182724f1b00a3c5a2c76502096625b5fe87cd,Uniswap V3,0x4e68ccd3e89f51c3074ca5072bbac773960dfa36,0xdac17f958d2ee523a2206206994597c13d831ec7,0xc02aaa39b223fe8d0a0e5c4f27ead9083c756cc2,215.342584,0.06429260846658343,215342584,64292608466583424,215.342584,-195185,4.5783793294584765e+24,4662359228931794941,3337.99,false,false
0x15b01a760a04e80fa427d47eb43b332f64227e777ed402946963fb72b5c59020,21525893,75,2025-01-01 00:00:35.000000,0xc184a59a2fdae7058a19633c758d54a28a27bbfa,0xe592427a0aece92de3edee1f18e0157c05861564,0xc184a59a2fdae7058a19633c758d54a28a27bbfa,Uniswap V3,0x23e182724f1b00a3c5a2c76502096625b5fe87cd,0xc02aaa39b223fe8d0a0e5c4f27ead9083c756cc2,0x2a92525fda8d3ab481f8e2a913b64b64bd1c9fdd,0.06429260846658343,74.79,64292608466583424,74790000000000000000,214.6080841353708,-70604,2.321754511202669e+27,1104722965244904211883,3337.99,false,false
0xf2db197f9b7a04bc71fb26b5394a40bd68ff6ee6c2cef00c09db1dcb5faba367,21525893,116,2025-01-01 00:00:35.000000,0xff82bf5238637b7e5e345888bab9cd99f5ebe331,0xa69babef1ca67a37ffaf7a485dfff3382056e78c,0xa69babef1ca67a37ffaf7a485dfff3382056e78c,Uniswap V3,0xfe4ec8f377be9e1e95a49d4e0d20f52d07b1ff0d,0x7dd9c5cba05e151c895fde1cf355c9a1d5da6429,0xc02aaa39b223fe8d0a0e5c4f27ead9083c756cc2,147457.65228565616,16.84630290558762,147457652285656155700794,16846302905587619964,56232.79063582242,-90820,8.450035596320223e+26,214641392587639390120174,3337.99,false,false
0x99dc65a8442ad43b96ba9ee5d92a652e0a198dfa1ed2dcf1709b9344d4b5d1ec,21525893,127,2025-01-01 00:00:35.000000,0x24df0fbcae42080da8c9f9be6032c77a9976e729,0x5dc62cea20b0e7c3607adcc61a885ff9369dbc60,0x5dc62cea20b0e7c3607adcc61a885ff9369dbc60,Uniswap V3,0xa3f558aebaecaf0e11ca4b2199cc5ed341edfd74,0x5a98fcbea516cf06857215779fd812ca3bef1b32,0xc02aaa39b223fe8d0a0e5c4f27ead9083c756cc2,6153.340290153343,3.2139735818238315,6153340290153342403118,3213973581823831390,10728.211676392131,-75562,1.81199421855809e+27,88972886429063512439453,3337.99,false,false
0x35fdbacf773be1552cdf0523ab1fa6f1e12cda1163f0869d61d83014f808dc7a,21525893,134,2025-01-01 00:00:35.000000,0x64bbde373e909501de1309231336761adeaa07d5,0xa69babef1ca67a37ffaf7a485dfff3382056e78c,0xa69babef1ca67a37ffaf7a485dfff3382056e78c,Uniswap V3,0x531b6a4b3f962208ea8ed5268c642c84bb29be0b,0x7dd9c5cba05e151c895fde1cf355c9a1d5da6429,0xc02aaa39b223fe8d0a0e5c4f27ead9083c756cc2,10295.454273705745,1.1687437215859935,10295454273705745428902,1168743721585993528,3901.25485521683,-90750,8.479856838027124e+26,112668466178642958034869,3337.99,false,false
0x952ae128fbc141909a7e1758e6acebfc1876b7b9a703c8c995bc3e0224806db6,21525893,159,2025-01-01 00:00:35.000000,0xfc9928f6590d853752824b0b403a6ae36785e535,0x00000000009e50a7ddb7a7b0e2ee6604fd120e49,0x1140201364600b0016f35c5dd32e2269229ac3d6,Uniswap V3,0x2982d3295a0e1a99e6e88ece0e93ffdfc5c761ae,0xc02aaa39b223fe8d0a0e5c4f27ead9083c756cc2,0x77e06c9eccf2e797fd462a92b6d7642ef85b0a44,0.22209999589605375,1.678033832,222099995896053760,1678033832,741.3675653010685,186990,9.10152888956839e+32,315426066969484238,3337.99,false,false
0xdcbe6bfd9772acb268310297a81e47f00289ad9e891abff521060ea2739f6c0d,21525893,181,2025-01-01 00:00:35.000000,0xc13e2fd4e2ba14306bed07f64b3437153b0dbd53,0x3fc91a3afd70395cd496c647d5a6cc9d4b2b7fad,0x3fc91a3afd70395cd496c647d5a6cc9d4b2b7fad,Uniswap V3,0x88e6a0c2ddd26feeb64f039a2c41296fcb3f5640,0xc02aaa39b223fe8d0a0e5c4f27ead9083c756cc2,0xa0b86991c6218b36c1d19d4a2e9eb0ce3606eb48,2.49,8291.730786,2490000000000000000,8291730786,8291.730786,195207,1.372626258533555e+33,7352197252816085174,3337.99,false,false
0xed4fefc5bcf2b311b38d21ee1afa00a9da43c37854aa8472648cb2803d3b4d34,21525893,281,2025-01-01 00:00:35.000000,0x93793bd1f3e35a0efd098c30e486a860a0ef7551,0x68d3a973e7272eb388022a5c6518d9b2a2e66fbf,0x68d3a973e7272eb388022a5c6518d9b2a2e66fbf,Uniswap V3,0xd1d5a4c0ea98971894772dcd6d2f1dc71083c44e,0x6dea81c8171d0ba574754ef6f8b412f2ed88c54d,0xc02aaa39b223fe8d0a0e5c4f27ead9083c756cc2,1448.0780859979743,0.7814318124249034,1448078085997974222957,781431812424903442,2608.4115755562034,-75229,1.8424066343042312e+27,37199295722145180616985,3337.99,false,false
0xd3021dcce3184b5d4a9b20bd298ba524a274eb36ab2467939c243aa4e31b6227,21525893,291,2025-01-01 00:00:35.000000,0x581dd4869033a1426a8b65bec48b7b14f588ccc2,0x70bf6634ee8cb27d04478f184b9b8bb13e5f4710,0x70bf6634ee8cb27d04478f184b9b8bb13e5f4710,Uniswap V3,0xe0554a476a092703abdb3ef35c80e0d76d32939f,0xa0b86991c6218b36c1d19d4a2e9eb0ce3606eb48,0xc02aaa39b223fe8d0a0e5c4f27ead9083c756cc2,138.772831,0.04164216529434192,138772831,41642165294341918,138.772831,195206,1.3725053617858573e+33,310930698089662812,3337.99,false,false
0xae21488ce176abe6eb89dae493d90f2c517facbfe78461152f66ef53a0120ef7,21525893,325,2025-01-01 00:00:35.000000,0x50acf984362825970cd6357eaa330eddee0ac9f2,0xe592427a0aece92de3edee1f18e0157c05861564,0x50acf984362825970cd6357eaa330eddee0ac9f2,Uniswap V3,0x96039fa4d049f8a234485524546db44489b12d24,0xc02aaa39b223fe8d0a0e5c4f27ead9083c756cc2,0x7296eaa225804451a91616b29d040cab05435f0d,0.1862298098153686,399.9803594,186229809815368607,39998035940,621.6332428656023,153571,1.711865689750081e+32,15124637242595917,3337.99,false,false
0x3bf06caf5a188f2e9d3302a4c9500a3d600905695e6b6f5855b99fa0446f9f7c,21525894,10,2025-01-01 00:00:47.000000,0x4066e9bd5618373d2da7a1cb7bba03ef800875ee,0x6719c6ebf80d6499ca9ce170cda72beb3f1d1a54,0x31c2ab99605e535e96097188bc79752e1b3e5817,Uniswap V3,0xdf47636bf318f9d5cc9aafe38f7e7bf893d58fac,0xc02aaa39b223fe8d0a0e5c4f27ead9083c756cc2,0x8f8221afbb33998d8584a2b05749ba73c37a938a,0.16854841609435114,4071.011032537542,168548416094351124,4071011032537542001365,562.6129274387831,-100937,5.0953556219004384e+26,13022374455510685858507,3337.99,false,false
0x95b4500e4d30f421d0c033e447322f50126f3909666d87d5d341c0be9a1bb834,21525894,27,2025-01-01 00:00:47.000000,0x276bf434613bd8cb5c8b3282ec6445c9370e33fa,0x828ae1566824a9835acb6f565e1e9ea22bfb883a,0xa082264750d77d848cca3f2de91016aab543d442,Uniswap V3,0x49727bbe3ba46aeb1058749ed2741a42fd1ccda8,0xc02aaa39b223fe8d0a0e5c4f27ead9083c756cc2,0xba0dda8762c24da9487f5fa026a9b64b695a07ea,0.05875726143822234,7794.491528271361,58757261438222336,7794491528271360636320,196.13115110817176,-118059,2.164686832288684e+26,75779682640139039231427,3337.99,false,false
