pool,degree_wallets,p_swaps,p_volume_usd,hhi_wallets_vol,hhi_wallets_cnt,entropy_wallets,top_wallet_share,arb_leg_share,top10_wallet_share,avg_wallet_persistence,repeat_wallet_share,mev_wallet_share,mev_volume_share,mev_volume_share_strict,mev_swap_share,entropy_norm_wallets,eff_wallets_inv_HHI,mev_exposure_index
0x88e6a0c2ddd26feeb64f039a2c41296fcb3f5640,580764,3281328,82033790057.50037,0.025377530468704695,0.004607691781455423,6.191801241105644,0.13971057107585524,0.05160502061031803,0.2961949930582109,0.9387884655896706,0.189545150870233,0.034852366882244766,0.46892982625062185,0.3730487667210055,0.4351259611961986,0.46652762972136497,39.40493742025803,0.8004927805920259
0xc7bbec68d12a0d1830360f8ec58fa599ba1b0e9b,1108806,7514040,43630688160.046364,0.13002338782541034,0.003505563877528568,5.258228780260575,0.3553316090752457,0.06048956355447912,0.48764165373956836,0.935094271106335,0.20399240263851387,0.020500430192477312,0.7059225657129008,0.6426872182162867,0.4732092190086824,0.37777904176741567,7.690924046239711,0.8286812088631587
0xe0554a476a092703abdb3ef35c80e0d76d32939f,1140357,7076947,30850150622.214874,0.15735815725684607,0.004019275550796469,5.0426498678649505,0.3929147995746076,0.06342395976361836,0.5156974426755486,0.9285702393955191,0.21012016412404186,0.01956492572062959,0.7313520610783718,0.6772537209762705,0.4911439918936796,0.3615618702663833,6.354929527852574,0.8318170853578689
0x11b815efb8f581194ae79006d24e0d814b7697f6,322019,2147542,25067150937.194958,0.018400660977254152,0.00896017856485376,6.261206328734625,0.10104511929332974,0.05032404476568519,0.2844946696404864,0.9491245800650828,0.16375431263372658,0.05661156639825601,0.4826085719145056,0.3863549650455276,0.48780745615219634,0.49369387487774713,54.34587383769219,0.8052138254247216
0x4e68ccd3e89f51c3074ca5072bbac773960dfa36,80907,529297,19275135298.331104,0.04783277262930474,0.009596482167724673,5.4387221717211345,0.2082873489278795,0.033227091874673306,0.3409918257028341,0.9579181208900296,0.1571433868515703,0.10953316771107569,0.42505617662615164,0.31901803889176134,0.47926022630016796,0.4812578887999163,20.906168407794745,0.7946776250043075
0x4585fe77225b41b697c938b018e2ac67ac5a20c0,141661,1036624,17648614522.65161,0.017975800701154527,0.00811237535218282,6.054414210401873,0.10893304601904828,0.07917817890461956,0.26609739537812876,0.9533294739464361,0.14810004164872478,0.10172171592746063,0.46747363569067096,0.3535613414472348,0.5333515334393184,0.510438928020787,55.630345297262515,0.816439229470347
0x3416cf6c708da44db2624d63ea0aaef7113527c6,234859,785449,15292687509.914051,0.012242789104336967,0.0009996079546311246,7.155628389040012,0.08299761622815187,0.04318676336112827,0.2621699558815348,0.9621212728180477,0.14698180610493955,0.050707019956654845,0.5147511404972804,0.3406580825153864,0.4012329253713481,0.578618781854822,81.68073397962506,0.8054981219201213
0x56534741cd8b152df6d48adf7ac51f75169a83b2,89769,892277,13229117916.741375,0.02810025139535345,0.018383275465522337,6.135128636136907,0.15735582919846208,0.033666675223425674,0.2645794141037049,0.9464802044480523,0.17239804386815047,0.14276643384687365,0.5156315055196484,0.3881501661774114,0.50895181653231,0.5379334796045706,35.586870235807076,0.8154571143044212
0x99ac8ca7087fa4a2a1fb6357269965a2014abc35,18537,171089,12436570734.561548,0.02365769768878379,0.01998542820805109,5.53087504337315,0.13313276354616793,0.019872697916702143,0.2640425095631855,0.9407547192549882,0.1951232669795544,0.299724874575174,0.424777673475893,0.27485457787737794,0.4192496303093711,0.562794355490406,42.2695400522471,0.7845721768496503
0x109830a1aaad605bbf02a9dfa7b0b92ec2fb7daa,52545,243654,8752063164.814648,0.008938471934463798,0.004972735506732679,6.225600606327796,0.036828820911066984,0.1319576126011826,0.2538748075896686,0.9560987648252744,0.1349129317727662,0.08154914834903416,0.5753017911149024,0.3694578904236903,0.596969473105305,0.5727626326008332,111.87594561261976,0.8410696440263274
0x8ad599c3a0ff1de082011efddc58f1908eb6e6d8,44521,318883,7615178837.465712,0.04139535008484047,0.019081427541342788,5.3423661509055025,0.18915379660174964,0.03182985595588459,0.324746368891153,0.9644104137870102,0.13243188607623368,0.16291188427932884,0.3994467946010968,0.2964107674008746,0.49598755656463345,0.4991132068214597,24.157302642699797,0.7927220097177711
0x9a772018fbd77fcd2d25657e5c547baff3fd7d16,87325,671454,6872934745.362996,0.01680029515921728,0.019026304254907384,6.012920509736468,0.09838904543004443,0.030722879024577505,0.26882296457520466,0.9550068704149561,0.14716289722301745,0.12234755224735185,0.5013714720361113,0.36928818954865605,0.49701990009740055,0.528497257799802,59.52276376831165,0.8057048830076846
0x48da0965ab2d2cbf1c17c09cfb5cbe67ad5b1406,52080,200177,5737434883.996779,0.0223469331468597,0.0131670433455209,6.203638419413204,0.09648618718420524,0.05610035147998027,0.3377016169617341,0.9632880628187661,0.13488863287250383,0.12713133640552995,0.5842431594896835,0.44026088254725765,0.5162880850447354,0.5712092166772796,44.74886971864078,0.8279489300113717
0x435664008f38b0650fbc1c9fc971d0a3bc2f1e47,32678,97788,4320096268.90216,0.014219901725520158,0.00536111747221386,6.1381412661381685,0.07778913089180628,0.02517691330012169,0.2829571391296137,0.941791436205577,0.19077054899320645,0.06105024787318685,0.4654171904669987,0.3407985943889302,0.3423630711334724,0.5905206073658928,70.32397405428766,0.7847014025293774
0x9db9e0e53058c89e5b94e29621a205198648425b,11724,125145,4099433655.1459217,0.025340051811070376,0.03346635519960935,5.618564581372416,0.1374433733230868,0.018138959083829006,0.2627219144633545,0.9378110882795964,0.2064141931081542,0.3701808256567724,0.43530404061985956,0.30916223130338194,0.43880298853330135,0.5996721879819632,39.46321844389944,0.7865105620455562
0x99950bae3d0b79b8bee86a8a208ae1b087b9dcb0,10668,91949,4071970104.4558067,0.056484632532770605,0.029276266225743638,3.3411895215882157,0.12841719579456387,0.017118185377645742,0.6502158567567473,0.9731635944425423,0.11464191976002999,0.05877390326209224,0.9101422526535595,0.5959236549460352,0.6927862184471827,0.36023591611460104,17.703930346361577,0.8466177332092766
0xa6cc3c2531fdaa6ae1a3ca84c2855806728693e8,21804,222039,3905515514.242293,0.019634392761129035,0.012922922530997675,5.520814939099497,0.08803193514157313,0.021649349776116093,0.3225357758710863,0.9419241348126709,0.19822050999816548,0.12653641533663548,0.33595566316156183,0.228907760611,0.2359045032629403,0.5526424968828758,50.93103780524033,0.7585461249526172
0x202a6012894ae5c288ea824cbc8a9bfb26a49b93,24877,72169,3730886630.3664694,0.012666227956136497,0.005289812315808809,5.567160377688674,0.037136410953014475,0.04215106246331835,0.2882747113298969,0.9499645761409655,0.1400490412831129,0.06777344535112755,0.430643383281175,0.286678689895272,0.4400088680735496,0.5500223232529363,78.95010286116973,0.7950997622247492
0x5777d92f208679db4b9778590fa3cab3ac9e2168,35740,135218,3508633924.813517,0.043033851663472865,0.031102305415488706,6.10314702034211,0.198505104497192,0.059378189477361724,0.33917570029696875,0.962583334387291,0.14216564073866816,0.13533855623950755,0.4550081025468722,0.2336609980025914,0.41265216169444896,0.5821377344295027,23.23752026242169,0.7989765326165615
0xe6d7ebb9f1a9519dc06d557e03c522d53520e76a,40333,140130,3307581511.301731,0.010959865815253059,0.003992017403134258,6.451838229922229,0.06350855564481854,0.027488760586076747,0.2551199470713951,0.9309683441879334,0.20824139042471426,0.07802543822676221,0.4784256669282105,0.3247781198486834,0.4665453507457361,0.6083813006503246,91.24199300034135,0.7967107756986801
0xcbcdf9626bc03e24f779434178a73a0b4bad62ed,20645,132316,3084826723.5277753,0.02626267103218714,0.014561010003286875,5.625097513022308,0.1431874395996432,0.0387632638941729,0.2799822351840703,0.9594012013977796,0.1550012109469605,0.22601114071203682,0.46913097060973685,0.3293668305337728,0.4927899876054294,0.5661769679423071,38.07685816779317,0.8011647541266068
0x7eb59373d63627be64b42406b108b602174b4ccc,21467,105720,2976890103.565226,0.009911336323197845,0.003942850702939783,6.491290579186718,0.06287554808048253,0.04728528239161363,0.24361920499652617,0.9309813800433732,0.2654306610145805,0.09586807658266176,0.43942939193992947,0.2584872127904899,0.528149829738933,0.6508034351529653,100.89456833983763,0.8081860160584444
0x5ab53ee1d50eef2c1dd3d5402789cd27bb52c1bb,16570,222552,2643285823.7475924,0.022980671593227888,0.013846040029168736,5.371845741527882,0.10345091588495027,0.03684981486081164,0.3678976685195711,0.9342669645426643,0.22939046469523236,0.17531683765841882,0.38897184040968924,0.2853095001704688,0.3013767568927711,0.5529235934266203,43.51482923130442,0.7764137289362143
0x6546055f46e866a4b9a4a13e81273e3152bae5da,22728,286538,2472537454.883225,0.03935039449161504,0.015790007651747106,5.408571071983343,0.18331740642432892,0.04420007122291066,0.3352940857395962,0.9483338888283506,0.2529039070749736,0.15496304118268214,0.520801805647575,0.37971043599295995,0.48890199554683844,0.5391666620854881,25.412705842455647,0.812639994486371
0x1d42064fc4beb5f8aaf85f4617ae8b3b5b8bd801,18553,203593,2184527994.580761,0.026840328159647663,0.014545471606841573,4.95335058447396,0.10991432803715948,0.05520327364166424,0.4166239922846989,0.9498524112245507,0.17193984800301837,0.14639141917749152,0.30098768402795234,0.262569256191459,0.34081230690642605,0.5039840917270468,37.25736861531454,0.7784038044040112
0x5ae13baaef0620fdae1d355495dc51a17adb4082,30144,323744,2021070722.5690627,0.0272127123991326,0.011625783265002868,6.000627944565317,0.14433222458063635,0.038218469228102236,0.30585801813570307,0.9376481107466769,0.25169187898089174,0.12387208067940551,0.4530662100914958,0.3195272586669468,0.4497287980626668,0.5818090488568894,36.74753127629699,0.7969175367862434
0xcc6d2f26d363836f85a42d249e145ec0320d3e55,9524,39663,1874839981.002073,0.013119941821397332,0.00484654718410394,5.795325788201481,0.08015899983790022,0.015354360640099464,0.28090794435282884,0.9259535635030229,0.29073918521629566,0.10846283074338513,0.5008758483398331,0.25308244814155706,0.35604971888157727,0.6325690527798045,76.21985018021182,0.7879148144319239
0x970a7749ecaa4394c8b2bf5f2471f41fd6b79288,834,8629,1751183352.888472,0.11704813393634898,0.043755072630554316,3.0294016907706767,0.28590992232214024,0.007996291607300587,0.7829204458737415,0.9282233028067387,0.3057553956834532,0.21942446043165467,0.08779866785122015,0.06131719302361685,0.33236759763587903,0.45038604959921996,8.543493743725996,0.7314518074365072
0xf8e349d1d827a6edf17ee673664cfad4ca78c533,5785,227276,1657577670.273047,0.14705441776968534,0.08786343652824864,3.15290375960916,0.26443238705200317,0.009033070142552032,0.7604585956371492,0.9269644940579463,0.34866032843560935,0.09403630077787381,0.5389096076388664,0.48287520433330616,0.5085402770200109,0.36394957358613766,6.800203728433284,0.806790378717392
0xc275a7390966e4bcbf331b837cd7316c4a3efa83,23397,72739,1623205865.040144,0.012842692505125082,0.0020033621026938385,6.327985973909303,0.08337193143439704,0.012373004894003064,0.2702486529812805,0.9304721808224126,0.32093858186947044,0.05906740180365004,0.4159389847197795,0.2613669079366619,0.2121282943125421,0.629001748600724,77.86529184599989,0.7593473241669252
0x95dbb3c7546f22bce375900abfdd64a4e5bd73d6,13418,113495,1603416255.0475001,0.05882186826386207,0.01227719810692398,5.079824308164374,0.21589922632599656,0.057059782567565755,0.49717251717312444,0.9212195899868921,0.3205395737069608,0.16492770904754808,0.5798059742848074,0.20012898669768497,0.5849068240891669,0.5344734824017968,17.000480085301238,0.8323426031220924
0x553e9c493678d8606d6a5ba284643db2110df823,13524,111486,1410859694.3650491,0.0243496905783332,0.1955810714690613,5.662500237412479,0.1378260440689796,0.12646431210285508,0.30592547579843854,0.9398025031598476,0.18256433007985803,0.141156462585034,0.6817435959669617,0.5211013250346485,0.8020558635164954,0.5952868567591056,41.06828367214729,0.8639770495192804
0x60594a405d53811d3bc4766596efd80fd545a270,83952,755807,1258087365.8056617,0.05726634725344207,0.027019609404980185,5.0418098450235345,0.19485938935078181,0.07260451431006712,0.4407076693046636,0.9685458912384933,0.11994949494949494,0.09599533066514199,0.5999014020953203,0.5635431211067071,0.6230386858020632,0.44468245095612546,17.46226270682724,0.8397515420931114
0x7b1e5d984a43ee732de195628d20d05cfabc3cc7,53646,265641,1207790127.1790638,0.030775913120721168,0.014514187234844204,5.397819608837154,0.14575241690918647,0.026550871396852523,0.32021051075429874,0.9329817114159766,0.21142303247213212,0.044458114304887594,0.3850442737131292,0.3196831173346528,0.32526229008323265,0.4956601670086448,32.492943298787395,0.7736482993900546
0xc3db44adc1fcdfd5671f555236eae49f4a8eea18,38537,286766,1197785813.798285,0.044935316404160985,0.03148395905630688,5.252590994646972,0.1461355674903544,0.032015650156727755,0.46105803930343203,0.925173498583987,0.20603575784311182,0.07276124244232815,0.4778847052634618,0.41163452570505654,0.39631616021425137,0.49743393368114924,22.254210719375298,0.7923946379957959
0x4e665157291dbcb25152ebb01061e4012f58add2,9540,41114,1179766797.5445821,0.07702909871029652,0.004763333997325625,4.274102448306045,0.24456840648095668,0.020090480243315372,0.57571999802819,0.860414708972727,0.3768343815513627,0.08029350104821803,0.4054831104809243,0.23309119613497792,0.28780950527800747,0.46643963927854387,12.982106979609895,0.7700816706295875
0x127452f3f9cdc0389b0bf59ce6131aa3bd763598,43321,147695,1120626669.0909107,0.07332754742525416,0.014561373320472075,4.618741220186198,0.24237403298561566,0.024069873669891835,0.543046219870949,0.9691926052662334,0.10239837492209321,0.032870894023683664,0.42069914072772957,0.241324922894689,0.39155692474355935,0.4326125230920451,13.637439613255058,0.7834608360039974
0xa3f558aebaecaf0e11ca4b2199cc5ed341edfd74,8139,146531,1046807765.8282871,0.025555419004742036,0.014757549371433774,4.858360366672056,0.07858961393697513,0.03987552138462937,0.43719512302269975,0.932793037635657,0.2535938075930704,0.2092394643076545,0.32270902317997796,0.2778571408518115,0.34095174399956324,0.5395526822515023,39.130643869092545,0.7768530962472863
0x1e1dfff79d95725aaafd6b47af4fbc28d859ce28,43196,142940,1018707573.9307129,0.018844283222094783,0.002845637679019843,5.987912221063819,0.10458744095313717,0.070225269484506,0.32784898583011796,0.969885065364061,0.13332252986387627,0.06961292712288175,0.518768145815912,0.3264789718455748,0.4111585280537288,0.5610072083708324,53.066491742573014,0.8118560253626934
0xa19a732e51b5222a64834098c90f9c6e03ec31ed,5329,23153,784705744.5070742,0.11998695413631696,0.024888568316992963,2.5330152009335745,0.20801417374219816,0.015073640580544775,0.9075329529309453,0.9871901605081818,0.06230061925314318,0.06943141302308126,0.00044106108946669216,0.00024525223777011117,0.09756834967390834,0.2951916030996885,8.33423939459203,0.6734725524656259
0xbafead7c60ea473758ed6c6021505e8bbd7e8e5d,5553,12599,735254289.3490971,0.034576700026998405,0.0010236633616342264,4.940312214279928,0.1689403835668389,0.02452575631427267,0.32700204671404853,0.9783515280648306,0.1476679272465334,0.4691157932649019,0.26066077087675865,0.07533796002505432,0.4405905230573855,0.5729829021536611,28.921209925156926,0.7733209276680796
0xc2e9f25be6257c210d7adf0d4cd6e3e881ba25f8,9581,127351,683141221.7154291,0.031552547529039646,0.056070495511319124,5.226965566498008,0.15661709633435603,0.028605979258191305,0.3158183819437622,0.9533206255049487,0.18828932261768083,0.3119716104790732,0.37090268214499494,0.3237331891957573,0.48890075460734506,0.5701602757814882,31.693161988889862,0.7885092525586684
0xb6dab6ad1b394749db7596c283f2bcc7e1be76ef,1530,7150,667218773.5696987,0.020218307919766306,0.004758218005770453,4.7055238298838535,0.06997268695190997,0.027412587712694714,0.35962252806795836,0.9954248368740082,0.06666666666666667,0.22745098039215686,0.4648788206642312,0.21203420694661307,0.4993006993006993,0.6416894943125365,49.46012316996894,0.7972104483269581
0xe8c6c9227491c0a8156a0106a0204d881bb7e531,9871,98864,644583988.5345994,0.03844328854555506,0.014838932180887377,4.846381208425316,0.12500428111802614,0.05814047614518414,0.44627965838589795,0.9612919225603441,0.16827069192584337,0.17141120453854725,0.3882167498133778,0.3223563882575169,0.3792381453309597,0.5269319763470415,26.01234279983634,0.789482752679279
0x2982d3295a0e1a99e6e88ece0e93ffdfc5c761ae,18574,178652,587437471.6721829,0.015793592413724505,0.012716487778028206,5.812659655037641,0.06062853002134196,0.04709714983934979,0.32739220537265123,0.9315662790846777,0.2524496608161947,0.1232367825993324,0.5165880381279125,0.16080585832962632,0.5123480285695095,0.5913473718564695,63.31681695995954,0.8194372652400151
0x867b321132b18b5bf3775c0d9040d1872979422e,5224,11978,558215331.8129541,0.010762241493076637,0.002987165120804626,5.591710017947638,0.04369449387259551,0.015862414487678788,0.2603352432797127,0.9897362351029609,0.14605666156202143,0.08192955589586524,0.551546062876382,0.28175339871825994,0.3278510602771748,0.6531594232959479,92.91744667161586,0.7896119783590061
0x7c706586679af2ba6d1a9fc2da9c6af59883fdd3,32306,303555,549816169.4323637,0.022415962472542766,0.01602023102384389,6.031614112328162,0.11450675784619332,0.046215677255566204,0.31581743340131707,0.9108939967931446,0.2875317278524113,0.06918219525784684,0.43831181700619765,0.3703222806875345,0.4194857604058573,0.5809120022661045,44.61106683350744,0.7951772976325855
0x7a415b19932c0105c82fdb6b720bb01b0cc2cae3,5720,16293,532370555.0017164,0.007650932427487556,0.012388345113952703,5.587057334451666,0.0287984105986714,0.03277481139028138,0.19264492888299312,0.9700779913657612,0.07832167832167833,0.11625874125874126,0.4613050610762428,0.207481691945196,0.4837660344933407,0.6457738688803808,130.70302338670425,0.7980805679037871
0x185a1ff695d30a22c19f44c6b41e2d6d1c8c1f11,34345,133271,519027077.4742079,0.04376414924577328,0.005344722866507617,5.8409125628222105,0.19814938626744502,0.059945524550482354,0.36086437093595247,0.9697652926844512,0.12863590042218664,0.07969136701120978,0.6183952451528324,0.4690740636241341,0.46402443142168964,0.559248770102904,22.849752988094007,0.8225214514628346
0xc2c390c6cd3c4e6c2b70727d35a45e8a072f18ca,26591,182707,423619634.72120476,0.0608666168745301,0.04180355237709858,4.4671129761989015,0.14835187312983233,0.026911940462187523,0.5031689276500774,0.9536472999187385,0.12857733819713438,0.05979466736865857,0.44605978672092506,0.4105921785216627,0.4208048952694752,0.43845397753322907,16.429367218838383,0.7900858058513388
