wallet,pool,n_swaps,n_tx,volume_usd,active_months,active_days,arb_leg_share,span_months,tenure_days,edge_persistence,edge_returned,pw_vol,pw_cnt,avg_trade_usd
0xc7899ff6a3ac2ff59261bd960a8c880df06e1041,0xc7ec87aeb9d1129c42123859220c525aba1ca617,563,563,1004693.8539423712,9,172,0.012433393,9,270,1.0,true,0.00048922683,0.0033127975,1784.5361
0x49e37ea35ec63493d77e459b9c852b0aa6243f09,0x4d622cd6ce9d6c1cdfddca3a6180f88c38ab298e,1,1,31.785970149253725,1,1,0.0,1,0,1.0,false,0.0026806737,0.023255814,31.78597
0xfc3e7c9d492122fac3558b74f657f10b97640d16,0xe0554a476a092703abdb3ef35c80e0d76d32939f,8,8,1982.9617159999998,3,7,0.0,6,137,0.5,true,0.17059413,0.24242425,247.87021
0x271545b008b528ed98a22ce6257f52deb89c09d3,0xf0ce6fd5b7e92310e7b4b5612d380f6e3458caa5,1,1,8.885858,1,1,0.0,1,0,1.0,false,0.5,0.5,8.885858
0xcbac58199b5dbb654009a654259e8f0e6f31df5b,0x173a77805b59613a52d921234878aad9ac8fafe1,3,3,369.2253689801506,1,3,0.0,1,25,1.0,false,0.51498437,0.75,123.07513
0xdef6aa6b8ba74868e8c9d9f7dc0db4a9de8dbb71,0x5d27fdd96c8e4028edbabf3d667be24769425199,1,1,10.0,1,1,0.0,1,0,1.0,false,0.021832468,0.1,10.0
0x76e40d0a69fd81826b5eb7d18145626d46eafdef,0xfad57d2039c21811c8f2b5d5b65308aa99d31559,354,354,524672.0802629999,12,206,0.0,12,350,1.0,true,0.0029201915,0.017549077,1482.1245
0xed860ae144b3404148d0c27f775aafe1234af989,0xc7bbec68d12a0d1830360f8ec58fa599ba1b0e9b,2,2,897.048738,2,2,0.0,10,248,0.2,true,0.08217587,0.6666667,448.52438
0x177b8ebe208cb71da818b6b8814c946c027240cd,0x3afdc5e6dfc0b0a507a8e023c9dce2cafc310316,37,37,112679.28491731218,8,31,0.0,8,230,1.0,true,0.0007092616,0.0024343706,3045.386
0xc67671014d36f5445fb77790416830e87915e896,0x5ab53ee1d50eef2c1dd3d5402789cd27bb52c1bb,6,6,55487.36960211824,2,3,0.0,2,5,1.0,true,0.08885895,0.072289154,9247.895
0x6acf7b7e46d8b909977c3c77595801a3cbe5295b,0x464bd7e6718a815c20a5ad529003d7a93a9676b3,4,4,54960.37530340497,1,1,0.0,1,0,1.0,false,1.0,1.0,13740.094
0xdbebd1b22bd8f75075d57d77a6175f516437bb73,0x3ebec0a1b4055c8d1180fce64db2a8c068170880,1,1,876.7057947154958,1,1,0.0,1,0,1.0,false,0.50030935,0.5,876.7058
0xe0431c242a351dd142843a8233dd5358bd88f961,0x7c706586679af2ba6d1a9fc2da9c6af59883fdd3,1,1,130.9032,1,1,0.0,1,0,1.0,false,0.59984416,0.33333334,130.9032
0xaa1794971789a15310e0e3233a812d34ee10e928,0x3ebec0a1b4055c8d1180fce64db2a8c068170880,7,7,1306.59306951258,3,5,0.0,5,120,0.6,true,0.91032195,0.7777778,186.65616
0x3c7682ab15d957532b2545a6671daec62320f58d,0x14154c15fc0fd3f91de557a1b6fdd2059972cd0b,2,2,111.42701425295243,1,1,0.0,1,0,1.0,false,0.15575153,0.25,55.71351
0xe769e7170e64723e02e4f72d9102377bdf0e54c1,0xc7bbec68d12a0d1830360f8ec58fa599ba1b0e9b,2,2,3303.971255,2,2,0.0,15,399,0.13333334,true,0.76886773,0.6666667,1651.9856
0xa6ffa779e1a45e65116dd0a84be3e2f3ca1016b0,0xc8219b876753a85025156b22176c2edea17aac53,1,1,65.4149963232,1,1,0.0,1,0,1.0,false,0.051144794,0.029411765,65.41499
0x8170bb7a39f8ac847b65b9805b6c4b7f48f02470,0x16588709ca8f7b84829b43cc1c5cb7e84a321b16,8,8,6590.881813452381,4,8,0.0,9,223,0.44444445,true,0.02319707,0.14035088,823.8602
0x4f3c86e0bf79792c318016857b08ba9837e4ec23,0x738ea57616fa9dab407e9e7920d446eaf4e7eaaa,1136,1136,235099.66180841264,6,132,0.0,6,141,1.0,true,0.008051951,0.044717368,206.95393
0x3eadf134f5ada4debe6e6f5a0c32a91ca5eb34d1,0x2df7f6afd1e7d6cb0655d9666a880d907eadd794,4,4,502.0032478227824,2,4,0.75,4,95,0.5,true,0.0006450041,0.006666667,125.50081
0x1984edf70973e1389548f21cd0dcb15b408240c9,0x435664008f38b0650fbc1c9fc971d0a3bc2f1e47,2,2,259479.86885099998,1,2,0.0,1,1,1.0,false,0.59584534,0.25,129739.94
0x50693ab99728fa81e841b210de6b0049eb1817dd,0xe0554a476a092703abdb3ef35c80e0d76d32939f,1,1,202.241197,1,1,0.0,1,0,1.0,false,0.15518722,0.09090909,202.2412
0x2fe816392ac5e398a171496048185078b8295ca0,0x7c706586679af2ba6d1a9fc2da9c6af59883fdd3,2,2,107.71119407188704,1,2,0.0,1,19,1.0,false,1.0,1.0,53.8556
0x2e6937c9a013a88203159f85328c478728250a09,0x3ebec0a1b4055c8d1180fce64db2a8c068170880,1,1,2025.4462831631774,1,1,0.0,1,0,1.0,false,1.0,1.0,2025.4463
0xbc5201dcbd151a69c312cd8671aa11523b6ef616,0xe0554a476a092703abdb3ef35c80e0d76d32939f,4,4,27553.854156,3,4,0.0,10,255,0.3,true,0.10244306,0.16,6888.4634
0x49e37ea35ec63493d77e459b9c852b0aa6243f09,0x9fb1a1a98f995b2b3362a1238de1366bfa790006,7,7,3193.6385123496057,3,7,0.0,3,48,1.0,true,0.2693359,0.1627907,456.23407
0x9e1400b850e48e8dad5ae660582d52ad267d1389,0x11b815efb8f581194ae79006d24e0d814b7697f6,2,2,137.664812,2,2,0.0,2,1,1.0,true,0.1919443,0.13333334,68.832405
0x2c65c68150c16339d77a5d605b2024e1a7061c37,0x109830a1aaad605bbf02a9dfa7b0b92ec2fb7daa,1,1,1123.632946954068,1,1,0.0,1,0,1.0,false,1.0,1.0,1123.6329
0x1388675fd5d12f9ffd0bc24b242277c7c6289f61,0xe0554a476a092703abdb3ef35c80e0d76d32939f,1,1,648.113817,1,1,0.0,1,0,1.0,false,1.0,1.0,648.11383
0x0bbc60e4abca38e6abc78ce86998b63f073a919e,0xfebf38b1d34818d4827034f97b7d6d77c79d4997,19,19,18309.026715433614,5,16,0.0,5,119,1.0,true,0.00022960547,0.0010192586,963.633
0x7c3f77cae6b9e1b7b775a30e138ec6dc85abe7f6,0x95a45a87dd4d3a1803039072f37e075f37b23d75,16,16,10154.348348554468,2,9,0.0,2,16,1.0,true,0.20410812,0.30769232,634.6468
0x31a33286f15431063594274684b2457b966d7e89,0xc7bbec68d12a0d1830360f8ec58fa599ba1b0e9b,1,1,12288.617241,1,1,0.0,1,0,1.0,false,0.46046218,0.2,12288.617
0x8996494153a1fe729c9143842eb4520de98c551a,0xc7bbec68d12a0d1830360f8ec58fa599ba1b0e9b,1,1,2096.017393,1,1,0.0,1,0,1.0,false,0.7702642,0.33333334,2096.0173
0x3636047f02f3c213013c0d7d965bfe0190f79727,0x120ffad35bb97a5baf9ab68f9dd7667864530245,1,1,9.280843731758301,1,1,0.0,1,0,1.0,false,0.22777668,0.5,9.280844
0x9283f7badfe25764ad1ae595417bd021b47ee579,0x88e6a0c2ddd26feeb64f039a2c41296fcb3f5640,2,2,164.45729999999998,1,1,0.0,1,0,1.0,false,0.58020484,0.4,82.22865
0x9cc3c35bd373342956bc15aa85230ae363736d29,0x43e7ade137b86798654d8e78c36d5a556a647224,20,20,35128.18711880679,9,18,0.0,11,288,0.8181818,true,0.8829353,0.8,1756.4093
0xe515133f948e944d856cf7e3fe367c085c49dbf7,0x3ebec0a1b4055c8d1180fce64db2a8c068170880,3,3,779.1643793033468,2,3,0.0,2,18,1.0,true,0.98583156,0.75,259.72147
0x72ea4c2b11ae9f51de8556d875f35ae098c375c6,0x8cd6c8c449918d92d2ad4658c32f2e2ff1e7096d,1,1,373.7928457146363,1,1,0.0,1,0,1.0,false,1.0,1.0,373.79285
0xecf3ae53f5d38645860e4a5d6ccd68f1386bbf5e,0xc7bbec68d12a0d1830360f8ec58fa599ba1b0e9b,1,1,673.15962,1,1,0.0,1,0,1.0,false,0.49995664,0.5,673.1596
0x381b7d64303a2a5251ac12ee147ffdb337da5969,0xb011e4eb4111ef00b620a5ed195836dcd69db1ff,127,127,117204.81462486753,3,54,0.0,3,68,1.0,true,0.009410525,0.023015585,922.87256
0xa42b3456b4b234dd6a0069991476cb3023c9b04e,0xe0554a476a092703abdb3ef35c80e0d76d32939f,1,1,1.511537,1,1,0.0,1,0,1.0,false,1.0,1.0,1.511537
0x2cbbfd8b0046abb00b8843aec097717923f536a5,0xe0554a476a092703abdb3ef35c80e0d76d32939f,3,3,210.02140799999998,2,2,0.0,2,26,1.0,true,0.3977104,0.42857143,70.00713
0x55aeb56136091e9dce99c91f4e2592fdb7c07ef2,0x87e844622745ce31b9fbd850b47113b20a15dc41,67,67,8581.537910000003,5,26,0.0,5,99,1.0,true,0.00077436795,0.005263985,128.08266
0x49e37ea35ec63493d77e459b9c852b0aa6243f09,0xf99a791b2b4b1adbd1a97f2175d8cec524c9c88e,3,3,1896.1119104477611,2,3,0.0,2,17,1.0,true,0.15990883,0.069767445,632.0373
0x6a1c1ac90df992978cd2f0ad185d579576903fa5,0xe0554a476a092703abdb3ef35c80e0d76d32939f,1,1,6.400009,1,1,0.0,1,0,1.0,false,0.004120186,0.1,6.400009
0x6a1c1ac90df992978cd2f0ad185d579576903fa5,0xc4dbe30fecc148a8755c970f3b8b0c9af0db81f5,3,3,529.861401,1,2,0.0,1,4,1.0,false,0.34111318,0.3,176.62047
0xf751e5f2b317d2597cdd16e38ff3839392a4f38f,0x9e0905249ceefffb9605e034b534544684a58be6,13,13,3010.491126400236,5,12,0.0,5,126,1.0,true,0.35277182,0.2888889,231.57623
0xbdd9f48df51203cd4e21dd5fcc66e9be60bbdcd2,0xe35bfbf439d7c37e2df41bf1236ccf1dec0543fd,2,2,27.635774,2,2,0.0,2,2,1.0,true,0.42661664,0.4,13.817887
0xe096e1e5a1045bc4e548a76bd3958019722a251c,0x464bd7e6718a815c20a5ad529003d7a93a9676b3,1,1,1.3073160000000001,1,1,0.0,1,0,1.0,false,0.016749155,0.055555556,1.307316
0xde9a8fb2723338d54b17b05250f88b831d3e1e73,0xe35bfbf439d7c37e2df41bf1236ccf1dec0543fd,1,1,2141.094583,1,1,0.0,1,0,1.0,false,0.19159392,0.25,2141.0945
