trader_address,first_trade_ts,last_trade_ts,first_block,last_block,n_swaps,n_transactions,active_days,n_active_blocks,total_volume_usd,n_swaps_priced,avg_trade_size_usd,median_trade_size_usd,std_trade_size_usd,min_trade_size_usd,max_trade_size_usd,p90_trade_size_usd,n_pools,n_fee_tiers,n_tokens_in,n_tokens_out,tenure_days,trades_per_active_day,swaps_per_tx,size_cv,activity_ratio,pool_swap_ratio,usd_coverage,is_multi_pool,is_one_shot_trader,cohort_month,log_n_swaps,log_total_volume,log_avg_size,log_n_pools,log_tenure,hhi_volume,hhi_count,top_pool_vol_share,n_cyclic_tx,max_legs_in_tx,n_victim_trades,n_attacker_trades,n_arbitrage_trades,mev_loss_usd,victim_rate,arb_share,cyclic_share,mev_loss_per_dollar,is_mev_bot,trader_type,in_analysis_sample,n_routers,router_hhi,top_router,top_router_share,mean_price_impact,med_price_impact,p90_price_impact,n_swaps_with_pi,total_gas_usd,med_gas_usd,med_priority_gwei,gas_cost_ratio
0xae2fc483527b8ef99eb5d9b44875f005ba1fae13,2025-01-01 00:00:23.000000,2026-06-30 14:50:11.000000,21525892,25431197,1854116,1136440,545,828203,36255068491.842926,1853899,19556.11847886154,229.41884633110763,110344.29904347465,5.876540000000001e-15,10062171.624652,22125.151311,6460,4,4835,4834,545.6179166666666,3402.0477064220186,1.6315124423638732,5.642443778541597,0.997040132389855,0.0034841401508859207,0.9998829630940027,true,false,2025-01-01 00:00:00.000000,14.432919129912904,24.31384502896534,9.88109461570497,8.773539383558166,6.303750051344376,0.2989143358227927,0.04644064075260127,0.42761917916270703,123324,74,9,649081,0,0.0,4.854065225692459e-6,0.0,0.10851782760198515,0.0,true,mev_bot,true,2,0.999788600841919,0x1f2f10d1c40777ae1da742455c65828ff36df387,0.999894289246196,0.011737740485650945,0.0032325369173666907,0.02022257556355278,1851184,23951710.602291416,0.7977289463864055,0.047682912,0.0006606443715908042
0x5b43453fce04b92e190f391a83136bfbecedefd1,2025-01-01 00:09:35.000000,2026-06-30 14:49:59.000000,21525938,25431196,3152398,717539,546,717031,34249311549.963745,3152398,10864.52648109907,1322.6578425,47727.97738765335,0.04161,10621105.562232,21950.610469,300,4,157,157,545.6113888888889,5773.622710622711,4.393347260567022,4.39301035997154,0.998881492589952,0.00009516564849996732,1.0,true,false,2025-01-01 00:00:00.000000,14.963674308242954,24.256932300750837,9.293350348129438,5.707110264748875,6.3037381091511975,0.1464185858532455,0.02493642108657909,0.33463410322074794,47472,80,1,0,0,0.0,3.172188283332244e-7,0.0,0.06615947007758463,0.0,true,mev_bot,true,3,0.6045776841262683,0xfbd4cdb413e45a52e2c8312f670e9ce67e794c37,0.7322596956348786,0.0032100555190595474,0.00310286177872654,0.00850230939243568,3152385,32283238.50501351,3.9134206077020632,2.334056683,0.0009425952535693432
0x93793bd1f3e35a0efd098c30e486a860a0ef7551,2025-01-01 00:00:11.000000,2026-06-30 14:22:11.000000,21525891,25431057,503249,503249,546,333504,9560813647.03982,503249,18998.17713903022,2160.743737027136,56473.92307896304,0.018917,4290073.213407,48561.021348,300,4,156,156,545.598611111111,921.7014652014652,1.0,2.9725969320994445,0.998904843336696,0.0005961263708422669,1.0,true,false,2025-01-01 00:00:00.000000,13.128842343502038,22.9809386700157,9.852150948738645,5.707110264748875,6.30371473253046,0.17837776886051226,0.01953240963188164,0.3787615257461717,0,1,0,2,0,0.0,0.0,0.0,0.0,0.0,true,mev_bot,true,3,0.4052922560623723,0x68d3a973e7272eb388022a5c6518d9b2a2e66fbf,0.48327964884182584,0.0038163309390862065,0.0033013877761483013,0.010531147857397949,503249,4892509.383149998,0.6215460213823862,0.618226318,0.0005117252112391917
0xd1fa51f2db23a9fa9d7bb8437b89fb2e70c60cb7,2025-01-01 00:01:47.000000,2025-10-02 16:15:11.000000,21525899,23491227,433519,212448,275,212448,5900913767.081998,433519,13611.661235336855,5521.912064838552,27277.615813759978,0.941023,1199997.248431,32869.184257,710,4,336,342,274.6759722222222,1576.4327272727273,2.0405887558367226,2.003988737461767,0.9975479465374759,0.0016377598213688442,1.0,true,false,2025-01-01 00:00:00.000000,12.979693210239995,22.498373051812145,9.518755611823913,6.566672429803241,5.61922616233562,0.16943312248352094,0.07113496903626551,0.34849224052367656,6528,29,0,0,352376,0.0,0.0,0.8128271194572787,0.030727519204699502,0.0,true,mev_bot,true,1,1.0,0xd4bc53434c5e12cb41381a556c3c47e1a86e80e3,1.0,0.00190365066164631,0.0006567281805478498,0.00402905483885152,433517,5358327.889649209,4.9545284535433325,2.9971296470000004,0.0009080505327057003
0xf5213a6a2f0890321712520b8048d9886c1a9900,2025-01-01 00:02:47.000000,2026-03-09 21:11:23.000000,21525904,24622514,404670,404670,422,293282,5697557896.092919,404670,14079.516386420835,7519.343013,21547.481238792825,156.53049790200328,269805.676737,29996.999,79,4,55,55,432.8809722222222,958.9336492890995,1.0,1.5304134493976342,0.9726169779666274,0.00019522079719277435,1.0,true,false,2025-01-01 00:00:00.000000,12.910829670278114,22.463303480874153,9.55254730421145,4.382026634673881,6.072770238932441,0.09197131870339048,0.0438098395440854,0.2227720423719237,0,1,0,0,191488,0.0,0.0,0.4731954432006326,0.0,0.0,true,mev_bot,true,1,1.0,0xe592427a0aece92de3edee1f18e0157c05861564,1.0,0.0024850367504115826,0.003089012512276279,0.004080322183896645,404670,1066595.3844778084,0.6661270864481461,0.9491395595000001,0.00018720220205383476
0x654fae4aa229d104cabead47e56703f58b174be4,2025-01-01 00:50:11.000000,2026-06-30 14:20:23.000000,21526141,25431048,29340,25769,546,18923,3317728973.174189,29340,113078.69710886807,438.097306,558522.948805775,1.8393300000000002e-15,23581004.782596,273824.745985,439,4,272,313,545.5626388888888,53.73626373626374,1.1385773603942722,4.939241104520769,0.9989705866284007,0.01496250852079073,1.0,true,false,2025-01-01 00:00:00.000000,10.286741134279072,21.92254634188658,11.635848133247768,6.0867747269123065,6.30364891932635,0.13813792616945256,0.17607678399917476,0.2385561451537658,1142,3,0,13002,0,0.0,0.0,0.0,0.04431681477744577,0.0,true,mev_bot,true,16,0.10303993004006805,0xa7c624014699a8b537cc4b326eb65f00852ee2a3,0.17518745739604635,0.010232174260305604,0.0005035301002964676,0.015388667488404506,29313,78182.74365284065,0.7306496947886287,0.0,0.000023565138769620607
0xc54b77b28ee4d18cd3d93991f08b79bc85c71097,2025-06-26 11:59:47.000000,2026-06-30 11:46:47.000000,22788475,25430288,20277,17690,368,9029,2587466117.8803325,19961,129626.07674366677,797.703517,289145.7710313435,3.3720200000000003e-15,3076614.360333,434598.742912,1016,4,848,851,368.9909722222222,55.10054347826087,1.14624081401922,2.230614227437617,0.9946188626974758,0.050106031464220546,0.9844158406075849,true,false,2025-06-01 00:00:00.000000,9.917291833512525,21.67394490129964,11.772416966569676,6.92461239604856,5.913478605941201,0.4101424400088704,0.07374718413036112,0.5496425655819707,841,5,0,18114,0,0.0,0.0,0.0,0.047540983606557376,0.0,true,mev_bot,true,4,0.4388113395074703,0x6dc71298ce1b61ba4c83d5cdf4b3b1e9aa558a7f,0.598510627804902,0.03190532557256639,0.007969268664591578,0.05364656058603179,20083,38609.14786799852,0.15796895058011795,0.0,0.00001492156785709048
0x24f7ef98522dd61d529464f67bb3ffe96ea8afc2,2025-01-01 01:19:23.000000,2025-08-13 14:23:11.000000,21526286,23132699,21918,21918,225,18088,2064965798.716784,21918,94213.24020060152,66351.016619,160084.12650196327,1824.520783,7017896.654906,155789.721476,27,4,14,14,224.54430555555555,97.41333333333333,1.0,1.6991680379648082,0.9975867022924173,0.0012318642211880647,1.0,true,false,2025-01-01 00:00:00.000000,9.995109119583352,21.448379501341766,11.453326618997208,3.332204510175204,5.418516616608431,0.4149702654395931,0.2631048037504779,0.6338480275281572,0,1,0,2,0,0.0,0.0,0.0,0.0,0.0,true,mev_bot,true,1,1.0,0x5dc62cea20b0e7c3607adcc61a885ff9369dbc60,1.0,0.0016173203465667696,0.0008109694696216696,0.0035749589196909515,21918,536511.017616257,9.728482464297453,25.679578613500002,0.0002598159339731713
0xc7899ff6a3ac2ff59261bd960a8c880df06e1041,2025-01-01 00:03:59.000000,2025-09-30 06:14:59.000000,21525910,23473955,169947,123403,273,123401,2053635973.1924725,169947,12083.978965162507,1170.4901723361306,87606.62877950358,0.000488,8886592.691877933,13142.16022,1409,4,986,800,272.2576388888889,622.5164835164835,1.3771707332884937,7.249816391775342,0.9990571575969971,0.008290820079201162,1.0,true,false,2025-01-01 00:00:00.000000,12.043247786887909,21.442877704991687,9.39971855256201,7.251344983372214,5.610415082343439,0.05786568524835637,0.030351185609280237,0.15695486985370202,1420,12,9,112,0,0.0,0.00005295768680824022,0.0,0.01150701360582806,0.0,true,mev_bot,true,5,0.5543101709765996,0xf3fe03cd60d1f138ebc106ce9575475100ebfc9a,0.686149211224676,0.005031798098258709,0.0006818316366373756,0.012680156086950278,169945,296762.6046564936,0.8279345142587201,0.053470445000000005,0.00014450594386266146
0x95480d3f27658e73b2785d30beb0c847d78294c7,2025-01-01 00:00:47.000000,2026-06-30 13:16:35.000000,21525894,25430733,206440,132089,542,132089,1888905450.460716,206440,9149.90045756983,1609.5073952396792,73487.22884093152,5.38408085357751e-6,17862636.228268094,14410.363183,1739,4,1072,986,545.5526388888889,380.88560885608854,1.5628856301433125,8.031478504242589,0.9916702645546747,0.0084237550862236,1.0,true,false,2025-01-01 00:00:00.000000,12.237769936273407,21.359263372048346,9.121607564090924,7.461640392208575,6.303630622994383,0.027170627557424772,0.022341486521153142,0.0698922339190268,1,15,18,14,0,0.0,0.00008719240457275721,0.0,7.570653120244684e-6,0.0,true,mev_bot,true,9,0.9798516260241197,0x111111125421ca6dc452d289314280a0f8842a65,0.9898517729122263,0.006342212864149417,0.0031979084398962576,0.01485224192586676,206438,564918.3507494213,1.1441890949775626,0.11,0.00029907179875606485
0x448166a91e7bc50d0ac720c2fbed29e0963f5af8,2025-01-01 00:01:59.000000,2026-06-30 14:02:47.000000,21525900,25430960,266279,266279,546,260655,1843188535.5960104,266279,6922.019894907261,757.043807005839,29177.955358955474,0.100485,3820378.491146,14805.323591,298,4,154,155,545.5838888888889,487.6904761904762,1.0,4.215237142040372,0.9989317488115579,0.001119126930775615,1.0,true,false,2025-01-01 00:00:00.000000,12.49230366571464,21.33476280915181,8.842607354414653,5.700443573390687,6.303687797920323,0.10858827946875405,0.014739824537295727,0.25606186166774486,0,1,0,2,0,0.0,0.0,0.0,0.0,0.0,true,mev_bot,true,3,0.47176520939318967,0xfbd4cdb413e45a52e2c8312f670e9ce67e794c37,0.6363288130119161,0.0038183835921148,0.0033210148437397002,0.01047671457102528,266279,523168.8577240875,0.1527066547412033,0.056876879000000005,0.00028383903633326173
0xebedc8e9ff409b23dd251f87ccbffa8075f87255,2025-01-01 02:30:23.000000,2026-06-30 14:48:59.000000,21526640,25431191,69089,69089,546,69089,1758870002.279568,69089,25458.032425994992,8522.777165,59031.31881985002,200.09394560810765,2745931.987334,62033.110993,23,4,8,8,545.5129166666667,126.53663003663004,1.0,2.3187698810365887,0.9990614738443968,0.000332903935503481,1.0,true,false,2025-01-01 00:00:00.000000,11.14316528148284,21.287937396207067,10.144825867696976,3.1780538303479458,6.303557942591936,0.2641135773355191,0.17024306095988342,0.4737641094615562,0,1,0,0,0,0.0,0.0,0.0,0.0,0.0,true,mev_bot,true,1,1.0,0x51c72848c68a965f66fa7a88855f9f7784502a7f,1.0,0.0009073578374186249,0.0005878740991531739,0.0030616743178433214,69089,313510.9450228014,0.3021971316478858,0.053391446,0.0001782456603481089
0x6f0a91ef8adeb54db0e63be507747ab9a31d3926,2025-01-01 01:47:47.000000,2026-06-30 14:50:11.000000,21526428,25431197,68607,68607,545,68607,1751004030.882197,68607,25522.235790549024,8256.297596,70185.29045238443,201.83272235529265,6187622.070312,60625.0,23,4,8,8,545.5433333333333,125.88440366972478,1.0,2.749966383367334,0.9971761921897014,0.00033524275948518375,1.0,true,false,2025-01-01 00:00:00.000000,11.136164424990419,21.283455192864377,10.147344523721518,3.1780538303479458,6.303613596940327,0.2553003841666697,0.17047216703449325,0.4622366765781692,0,1,0,0,0,0.0,0.0,0.0,0.0,0.0,true,mev_bot,true,1,1.0,0x51c72848c68a965f66fa7a88855f9f7784502a7f,1.0,0.000914150498542311,0.0005870833651364649,0.0030668383402976396,68607,308943.6767296446,0.3051883924144506,0.055491860000000004,0.00017643801572175222
0xeaa9ebddd373c4bd8bb92dfcc9c7e7fcdb268e51,2025-01-01 00:12:23.000000,2026-06-30 14:48:47.000000,21525952,25431190,68838,68838,545,68838,1734321066.8225224,68838,25194.23961798022,8278.197321,64478.8021365708,200.55611285813464,4351855.811082,59860.952675636465,23,4,8,8,545.608611111111,126.30825688073395,1.0,2.5592676387246316,0.9970571061662545,0.0003341177837822133,1.0,true,false,2025-01-01 00:00:00.000000,11.13952572378185,21.273881858385323,10.134410351606494,3.1780538303479458,6.303733027323609,0.24536427388053325,0.16945662826332766,0.4488228860675656,0,1,0,0,0,0.0,0.0,0.0,0.0,0.0,true,mev_bot,true,1,1.0,0x51c72848c68a965f66fa7a88855f9f7784502a7f,1.0,0.0009237142417793438,0.0005892633843181394,0.003074618390973227,68838,310664.25294384407,0.3011788032881688,0.0507716305,0.00017912730167835478
0x81dc771e308c76c3e06f635abed7fb24830fb824,2025-01-01 02:09:23.000000,2026-06-30 14:50:11.000000,21526535,25431197,68549,68549,546,68549,1731416198.377324,68549,25258.081057015042,8250.377794,60181.38132182525,159.73954617961599,2356175.444773,60509.627788,23,4,8,8,545.5283333333333,125.54761904761905,1.0,2.382658491988282,0.9990332919610756,0.00033552641176384774,1.0,true,false,2025-01-01 00:00:00.000000,11.13531868499046,21.272205522932584,10.136941015868826,3.1780538303479458,6.303586151347401,0.25325947548940353,0.17093415176648583,0.459214933817596,0,1,2,0,0,0.0,0.000029176209718595456,0.0,0.0,0.0,true,mev_bot,true,1,1.0,0x51c72848c68a965f66fa7a88855f9f7784502a7f,1.0,0.000913136391474098,0.0005854541281899994,0.003067620572011709,68549,311789.37044613477,0.3002711792550856,0.050736509000000006,0.00018007765593179874
0x51301f41c8f83fbdffaeee11f846e9c114fb8046,2025-01-01 00:18:35.000000,2026-06-30 14:48:35.000000,21525983,25431189,69514,69514,546,69514,1727501640.2134864,69514,24851.132724537307,8117.2246059402705,60814.8358183265,199.91606626828465,3727561.337195,59840.806737,23,4,8,8,545.6041666666666,127.31501831501832,1.0,2.4471655474391976,0.9988946907039677,0.00033086860200822854,1.0,true,false,2025-01-01 00:00:00.000000,11.149297835603644,21.26994206365687,10.120698851767155,3.1780538303479458,6.303724896345753,0.2507336580472588,0.17153000175905936,0.45584280049332687,0,1,0,0,0,0.0,0.0,0.0,0.0,0.0,true,mev_bot,true,1,1.0,0x51c72848c68a965f66fa7a88855f9f7784502a7f,1.0,0.0009047948972401421,0.0005834652708543997,0.0030624394590369475,69514,298037.6172082326,0.29005425509317817,0.03885282,0.00017252522965558562
0xb36ce3f521a1ff4b0cffb82ddd71f0a51fcf56ce,2025-01-01 01:23:47.000000,2026-06-30 14:48:47.000000,21526308,25431190,68642,68642,546,68642,1725682744.1208277,68642,25140.333092287925,8241.8616275,61662.45696316372,200.79026584739253,3707995.219414,60379.018329,23,4,8,8,545.5590277777777,125.71794871794872,1.0,2.4527303093720487,0.9989771868190511,0.0003350718219166108,1.0,true,false,2025-01-01 00:00:00.000000,11.136674439500458,21.268888603396785,10.132268507480134,3.1780538303479458,6.3036423123562,0.254231581821059,0.17147344960748004,0.46042149969612134,0,1,1,0,0,0.0,0.000014568340083330905,0.0,0.0,0.0,true,mev_bot,true,1,1.0,0x51c72848c68a965f66fa7a88855f9f7784502a7f,1.0,0.0009092972713098702,0.0005861921362391165,0.0030632157072387756,68642,304148.33029797714,0.3060111733882299,0.053705064500000003,0.00017624811474424844
0x9eb9e9b2ba5c2665a16beaa8e137410358b6beaf,2025-01-01 00:58:47.000000,2026-06-30 14:48:35.000000,21526184,25431189,69474,69474,546,69474,1723912493.7099824,69474,24813.779165011118,8023.300655999999,58596.64876982305,201.3142576594673,4236073.553115,59039.148549,24,4,8,8,545.57625,127.24175824175825,1.0,2.361456043440886,0.9989457097705947,0.00034545297521374905,1.0,true,false,2025-01-01 00:00:00.000000,11.148722254610705,21.267862250770946,10.119194688727907,3.2188758248682006,6.303673822129188,0.251354779228259,0.17160806574039306,0.45701687906537325,0,1,0,0,0,0.0,0.0,0.0,0.0,0.0,true,mev_bot,true,1,1.0,0x51c72848c68a965f66fa7a88855f9f7784502a7f,1.0,0.0009010218640197027,0.0005817280113927792,0.003056876249007523,69474,307014.14610207436,0.28634279039208543,0.0342815695,0.00017809149085134713
0xc8df1a5953aa7f62a35ff1501e0c10eb3c33ebfe,2025-01-01 00:32:11.000000,2026-06-30 14:43:59.000000,21526051,25431166,68477,68477,546,68477,1717644712.5097072,68477,25083.527498425854,8215.013327,64299.49756361675,200.43467840036885,5846694.077929,60229.9679,23,4,8,8,545.5915277777777,125.41575091575092,1.0,2.563415275927676,0.9989177882427438,0.00033587920031543435,1.0,true,false,2025-01-01 00:00:00.000000,11.134267804781656,21.26421983674107,10.130006500720457,3.1780538303479458,6.303701773516138,0.24687891236530224,0.17110208261480472,0.4513938553832593,0,1,0,0,0,0.0,0.0,0.0,0.0,0.0,true,mev_bot,true,1,1.0,0x51c72848c68a965f66fa7a88855f9f7784502a7f,1.0,0.0009204040073356772,0.0005858760010382102,0.003072367442151114,68477,298401.3332144242,0.30145298566635004,0.051248338000000004,0.00017372704089568103
0x3a67b184803641ba107c4c75276d747d123e49ca,2025-01-01 00:20:35.000000,2026-06-30 14:11:11.000000,21525993,25431002,67136,67136,545,67136,1690794219.1384664,67136,25184.61360728173,8305.800995092795,64350.17686455096,52.294036,6493404.044287,60378.914349,57,4,31,25,545.5768055555556,123.18532110091743,1.0,2.5551385408567526,0.997115125377571,0.0008490228789323165,1.0,true,false,2025-01-01 00:00:00.000000,11.114490586783264,21.248464208232843,10.13402822188064,4.060443010546419,6.303674838556947,0.24743819179150375,0.16612091509708737,0.45208952288919435,0,1,2,0,0,0.0,0.00002979027645376549,0.0,0.0,0.0,true,mev_bot,true,1,1.0,0x51c72848c68a965f66fa7a88855f9f7784502a7f,1.0,0.0009191697483286324,0.00058752742764967,0.003071712307278207,67136,303249.3232362547,0.30872920622610456,0.060810629500000005,0.00017935318195656802
0x5fa60dd1d2809604496d3315ab6f878bd59f64d4,2025-01-01 00:09:11.000000,2026-06-30 14:48:35.000000,21525936,25431189,66674,66674,546,66674,1652284143.8220148,66674,24781.536188349502,7510.609387226086,63711.8940307366,200.55977853099793,4998712.356675,60505.58132,23,4,8,8,545.6106944444444,122.11355311355311,1.0,2.5709420734251878,0.9988827616242212,0.00034496205417404083,1.0,true,false,2025-01-01 00:00:00.000000,11.107585349050215,21.225424497752396,10.117894498144038,3.1780538303479458,6.303736838696722,0.20185829365580976,0.16380078444543253,0.3673491760426913,0,1,2,0,0,0.0,0.000029996700362960076,0.0,0.0,0.0,true,mev_bot,true,1,1.0,0x51c72848c68a965f66fa7a88855f9f7784502a7f,1.0,0.0009388912196273177,0.0005963761763041475,0.003081598575244482,66674,301165.9347191466,0.3009014319381166,0.07277799800000001,0.00018227248372819124
0x58a497019644d8c383c8d3764c32ffd43506e836,2025-01-01 00:20:59.000000,2026-06-30 14:37:59.000000,21525995,25431136,67874,67874,546,67874,1612865357.7756922,67874,23762.638974801725,7152.0041275,65292.23673132949,200.82034849879994,5110490.531232,56620.909655,23,4,8,8,545.5951388888889,124.31135531135531,1.0,2.747684581690039,0.9989111888369541,0.00033886318767127323,1.0,true,false,2025-01-01 00:00:00.000000,11.125423057236237,21.201278160054738,10.075911917254597,3.1780538303479458,6.303708380093442,0.19260657843059184,0.16501460477846414,0.3526631538851872,0,1,1,0,0,0.0,0.000014733182072664054,0.0,0.0,0.0,true,mev_bot,true,1,1.0,0x51c72848c68a965f66fa7a88855f9f7784502a7f,1.0,0.0009152710399522801,0.0005899817160703313,0.003065596945239335,67874,285683.60180093255,0.2807797995304194,0.052935428500000006,0.00017712799175928715
0xff5910ab899d4d8ca4ff3b99f93a62bddbeda77e,2025-01-01 01:01:59.000000,2026-06-30 14:50:11.000000,21526200,25431197,65932,65932,546,65932,1611686743.015174,65932,24444.68153575159,7438.7904625,61532.182731286375,200.2927382648807,2972814.331098,58808.59375,23,4,8,8,545.5751388888889,120.75457875457876,1.0,2.517201242376278,0.9989477404880542,0.000348844263786932,1.0,true,false,2025-01-01 00:00:00.000000,11.09639435387813,21.200547134612794,10.10420885499847,3.1780538303479458,6.303671789270569,0.19437002170051512,0.16399913818464884,0.3531083145579585,0,1,0,0,0,0.0,0.0,0.0,0.0,0.0,true,mev_bot,true,1,1.0,0x51c72848c68a965f66fa7a88855f9f7784502a7f,1.0,0.0009361913671908728,0.0005971060934146233,0.00307832292593313,65932,309392.1518055328,0.31291471699798046,0.0749323965,0.00019196792003557474
0x12dde15d3bc00d69fb6f94b5afe8cb71a364756c,2025-01-01 05:20:59.000000,2026-06-30 14:48:59.000000,21527489,25431191,65857,65857,545,65857,1600152428.7236898,65857,24297.378087730838,7487.614912,63652.05038177347,200.8887173990783,4371459.960937,57957.412127,24,4,8,8,545.3944444444444,120.83853211009175,1.0,2.619708601971136,0.9974479161371009,0.0003644259532016338,1.0,true,false,2025-01-01 00:00:00.000000,11.095256188023157,21.19336473023169,10.098164881740198,3.2188758248682006,6.303341140643478,0.1904223583821563,0.16671034398374956,0.34298903144372744,0,1,1,0,0,0.0,0.000015184414716734743,0.0,0.0,0.0,true,mev_bot,true,1,1.0,0x51c72848c68a965f66fa7a88855f9f7784502a7f,1.0,0.0009293521850288977,0.0005965604473778807,0.0030718238683011823,65857,297450.50272087887,0.3150289868015401,0.07910341800000001,0.00018588885494998168
0xd2700e7bbe0a8af6d6c5b3f61d27855daa425a53,2025-01-01 01:24:11.000000,2026-06-30 14:37:35.000000,21526310,25431134,66107,66107,546,66107,1594816543.8965766,66107,24124.775650030657,7439.837260305322,59697.15827112694,128.6936059039497,3130693.52948,57310.590614,23,4,8,8,545.5509722222222,121.07509157509158,1.0,2.474516618812622,0.9989919106355588,0.0003479207950746517,1.0,true,false,2025-01-01 00:00:00.000000,11.099045047260717,21.19002454769442,10.091036076986953,3.1780538303479458,6.303627573573176,0.19176776297885212,0.1641073072836009,0.3484600325773178,0,1,0,0,0,0.0,0.0,0.0,0.0,0.0,true,mev_bot,true,1,1.0,0x51c72848c68a965f66fa7a88855f9f7784502a7f,1.0,0.0009345154906202661,0.0005954892265831457,0.003074472456477073,66107,290729.08331870544,0.30763574491574924,0.07594052800000001,0.00018229625497135496
0x867bdc57d1b071fe5a9f670dd70b91e4269814d3,2025-01-01 01:01:59.000000,2026-06-30 14:48:35.000000,21526200,25431189,66901,66901,546,66901,1594484746.0770268,66901,23833.496451129682,7517.008456,56684.36385690947,200.36962366871822,3533694.984125,58165.807474,23,4,8,8,545.5740277777777,122.52930402930403,1.0,2.37834863940925,0.9989497712137704,0.00034379157262223286,1.0,true,false,2025-01-01 00:00:00.000000,11.110984141035681,21.189816478408787,10.078889240968504,3.1780538303479458,6.303669756407818,0.1898900924628855,0.1660432777304985,0.34181373203993504,0,1,1,0,0,0.0,0.000014947459679227516,0.0,0.0,0.0,true,mev_bot,true,1,1.0,0x51c72848c68a965f66fa7a88855f9f7784502a7f,1.0,0.0009216607151276827,0.0005971457242723854,0.0030646808283534277,66901,297187.3843822586,0.29623428852186084,0.061290989000000004,0.0001863845891993889
0xfc9928f6590d853752824b0b403a6ae36785e535,2025-01-01 00:00:35.000000,2026-06-30 14:47:11.000000,21525893,25431182,592302,276090,546,271030,1588344560.7174897,591969,2683.154963718522,206.275905,27783.87361291043,4.5089070141e-8,3952809.08288,2938.008034,3093,4,1872,1837,545.6156944444444,1084.8021978021977,2.1453221775507987,10.35492693810178,0.9988736246494528,0.005221998237385658,0.9994377868047044,true,false,2025-01-01 00:00:00.000000,13.291773607253074,21.18595815464646,7.89512123253464,8.037220031133012,6.303745985932922,0.09781184130066506,0.06939786554011715,0.24208273083118878,47650,66,2,17481,0,0.0,3.37665582760146e-6,0.0,0.17258864862907022,0.0,true,mev_bot,true,6,0.9753554694039784,0x00000000009e50a7ddb7a7b0e2ee6604fd120e49,0.9875266333728402,0.005882264904593018,0.0005075057085321966,0.011455050045120041,592037,2141240.8974661995,0.7675463907421493,0.148079715,0.001348093826389429
0x2c937e3b0ea4198303d85ae11e4ac5fe3181c990,2025-01-01 00:54:35.000000,2026-06-30 14:47:59.000000,21526163,25431186,65731,65731,545,65731,1586756431.7467568,65731,24140.153531009066,7402.641907,63222.33503201785,202.35589790942655,4486083.984375,57776.093217,23,4,8,8,545.57875,120.60733944954129,1.0,2.6189698814800844,0.9971115781577677,0.0003499110008975978,1.0,true,false,2025-01-01 00:00:00.000000,11.09334114830118,21.184957790181873,10.091673278555797,3.1780538303479458,6.30367839604597,0.1937539621321802,0.16433005359412584,0.3554809259359059,0,1,0,0,0,0.0,0.0,0.0,0.0,0.0,true,mev_bot,true,1,1.0,0x51c72848c68a965f66fa7a88855f9f7784502a7f,1.0,0.0009246263074712893,0.0005953266649449951,0.0030708274683268755,65731,286305.2421328563,0.30189478036169476,0.068602563,0.00018043427233358145
0xd6f4567bfa29bc70b26dccaeb07e5868905d667c,2025-01-01 01:01:59.000000,2026-06-30 14:48:47.000000,21526200,25431190,66407,66407,546,66406,1581034501.0389318,66407,23808.250651873022,7300.096808,57676.2147730039,200.26429147988975,3635886.669493,57620.414087,23,4,8,8,545.5741666666667,121.62454212454213,1.0,2.422530559525441,0.9989495173726042,0.0003463490294697848,1.0,true,false,2025-01-01 00:00:00.000000,11.103572810134871,21.181345217857157,10.077829466993762,3.1780538303479458,6.303670010515888,0.19188411733983946,0.1642572283331981,0.34874784345865495,0,1,1,0,2,0.0,0.000015058653455208035,0.00003011730691041607,0.0,0.0,true,mev_bot,true,1,1.0,0x51c72848c68a965f66fa7a88855f9f7784502a7f,1.0,0.0009229311372262068,0.0005930428612896943,0.0030714780224255778,66407,284869.09722447454,0.3016328599169604,0.07257053200000001,0.00018017892527789933
0x56fc0708725a65ebb633efdaec931c0600a9face,2025-01-01 00:47:11.000000,2026-06-30 14:20:23.000000,21526126,25431048,65267,65267,546,65267,1571992428.0007644,65267,24085.56281123331,7323.989795945451,66345.00349861413,58.271695,4619301.459662,57025.73193275285,55,4,28,25,545.5647222222221,119.53663003663004,1.0,2.754554835134322,0.9989667788657745,0.0008426923253711676,1.0,true,false,2025-01-01 00:00:00.000000,11.086257149210962,21.175609714784553,10.089409404284673,4.02535169073515,6.303652731020042,0.19666611463954353,0.16357453111485323,0.36031353281863376,0,1,0,0,0,0.0,0.0,0.0,0.0,0.0,true,mev_bot,true,1,1.0,0x51c72848c68a965f66fa7a88855f9f7784502a7f,1.0,0.000932895970616099,0.0005956089607148662,0.003077876867176199,65267,284918.0573892942,0.31127243387784786,0.075730671,0.00018124645660771318
0x3d9aae030b9661e3605b3acb5d0385ede221a0cc,2025-01-01 00:02:11.000000,2026-06-30 14:08:11.000000,21525901,25430987,220239,220239,546,217121,1558009320.7365894,220239,7074.175421867106,755.3378387418676,27769.842943612777,0.083148,2006864.7984205924,15258.222231,296,4,154,155,545.5875,403.36813186813185,1.0,3.925523652943767,0.9989251492213049,0.0013439944787253847,1.0,true,false,2025-01-01 00:00:00.000000,12.302473139816488,21.166674767519936,8.864347516814249,5.6937321388027,6.303694404589959,0.11891402706119364,0.01685274627182511,0.2745907495696549,0,1,0,0,5437,0.0,0.0,0.02468681750280377,0.0,0.0,true,mev_bot,true,3,0.4916970914593507,0xfbd4cdb413e45a52e2c8312f670e9ce67e794c37,0.6562824931097581,0.003489667380755636,0.003246109900012284,0.0102884756192263,220237,368595.0248857251,0.1381826501770907,0.053722371000000005,0.00023658075723928418
0xbaa3ef11659d347aae75c7bb67e29f1f8bb90843,2025-01-01 00:25:59.000000,2026-06-30 14:48:59.000000,21526020,25431191,59017,59017,546,59017,1550223859.1589487,59017,26267.412087346842,8824.212492,70211.8681485776,56.145066,6262199.068993,62382.8125,50,4,24,22,545.5993055555555,108.08974358974359,1.0,2.6729648095938257,0.9989035742463186,0.0008472135147499873,1.0,true,false,2025-01-01 00:00:00.000000,10.985597761104732,21.16166518335815,10.176122434996051,3.9318256327243257,6.303716003013021,0.19304132056147577,0.1212537107193262,0.3714342460632172,0,1,0,0,0,0.0,0.0,0.0,0.0,0.0,true,mev_bot,true,1,1.0,0x51c72848c68a965f66fa7a88855f9f7784502a7f,1.0,0.0009924995650224782,0.0006156088967090856,0.0031068288822756474,59017,286865.0902063615,0.4311413039494143,0.22032985600000002,0.00018504752620824452
0x43605d68015b0a4df59e20afc77c9413665eb8dd,2025-01-01 01:18:47.000000,2026-06-30 14:02:47.000000,21526283,25430960,57689,57689,546,57689,1538691911.2399747,57689,26672.189000328915,8590.378915,82577.07214154051,51.170697,9128487.881334,61971.037169,76,4,41,37,545.5305555555556,105.65750915750915,1.0,3.0959990625637137,0.9990292298387301,0.0013174088647749137,1.0,true,false,2025-01-01 00:00:00.000000,10.962839127250936,21.15419848478449,10.191414182593594,4.343805421853684,6.3035902174087,0.20438797908500647,0.12439609476818518,0.3893562612247971,0,1,0,0,0,0.0,0.0,0.0,0.0,0.0,true,mev_bot,true,1,1.0,0x51c72848c68a965f66fa7a88855f9f7784502a7f,1.0,0.0010557556749281824,0.0006197353935857297,0.003141241564907249,57689,282825.01825252693,0.46986973962698997,0.285208554,0.00018380873791986645
0xad35ed1cfe7c17c7b06c5c5d0672c57da4925299,2025-01-01 00:54:35.000000,2026-06-30 14:48:47.000000,21526163,25431190,58710,58710,546,58710,1533686626.1907916,58710,26123.090209347498,8806.913261500002,63901.216981626836,58.225776,3939858.085738,61929.536616,49,4,24,22,545.5793055555555,107.52747252747253,1.0,2.446158416539915,0.9989401253401523,0.0008346107988417646,1.0,true,false,2025-01-01 00:00:00.000000,10.980382381786619,21.150940234270738,10.17061316413814,3.912023005428146,6.30367941246908,0.19164592948999526,0.12152103008644871,0.370122622946612,0,1,0,0,0,0.0,0.0,0.0,0.0,0.0,true,mev_bot,true,1,1.0,0x51c72848c68a965f66fa7a88855f9f7784502a7f,1.0,0.0009939426129758912,0.0006158781158370763,0.0031056571470500227,58710,285772.69845748314,0.4227019895757214,0.22376719650000002,0.00018633056686896666
0xe75ed6f453c602bd696ce27af11565edc9b46b0d,2025-01-01 00:00:47.000000,2026-06-30 14:45:59.000000,21525894,25431176,423806,149696,543,149461,1523450437.3652103,423707,3595.5281299700273,222.527041,35241.51060741633,0.000018,8930051.555328,3928.026887,2939,4,1717,1693,545.6147222222222,780.4898710865561,2.8311110517315092,9.801483769148012,0.993387074889738,0.006934776761065204,0.9997664025521111,true,false,2025-01-01 00:00:00.000000,12.957033441905034,21.144243624430104,8.187724250761608,7.986164860332727,6.303744207310214,0.09050154107050291,0.07218118808407627,0.23332905301617415,29385,70,0,9072,0,0.0,0.0,0.0,0.19629783026934589,0.0,true,mev_bot,true,10,0.8755613966817718,0x00000000009e50a7ddb7a7b0e2ee6604fd120e49,0.9333704572375097,0.0052387199108045596,0.0005075050485926491,0.011516191350219751,423641,1225124.3676440166,0.9283575555079,0.17147288300000002,0.0008041767886438146
0x82fab289311422664a26864322bf88eabf5b4131,2025-01-01 00:54:35.000000,2026-06-30 14:48:59.000000,21526163,25431191,58930,58930,546,58930,1522826061.7606807,58930,25841.27035059699,8730.529389,68220.01618462549,58.43111942954401,6139335.398703,61182.563924,50,4,22,20,545.5794444444444,107.93040293040293,1.0,2.6399637192391148,0.9989398715038883,0.0008484642796538266,1.0,true,false,2025-01-01 00:00:00.000000,10.984122546973575,21.143833697351557,10.159766815902119,3.9318256327243257,6.303679666574697,0.19745077700902702,0.12247594575691408,0.3798005069726354,0,1,0,0,0,0.0,0.0,0.0,0.0,0.0,true,mev_bot,true,1,1.0,0x51c72848c68a965f66fa7a88855f9f7784502a7f,1.0,0.0009845034438605844,0.0006151019050522066,0.003100372670232332,58930,289119.1055865326,0.425148446352426,0.23988832450000003,0.00018985694613884868
0x104da4efb22a7e560e6df9c813e5eb54ca038737,2025-01-01 02:52:23.000000,2026-06-30 14:50:11.000000,21526750,25431197,58890,58890,546,58890,1506370509.8163047,58890,25579.393951711747,8711.507164036433,60583.44462438826,58.07242,4122436.523437,61000.69106,45,4,23,22,545.4984722222222,107.85714285714286,1.0,2.368447225088931,0.9990878799346039,0.0007641365257259297,1.0,true,false,2025-01-01 00:00:00.000000,10.983443556606128,21.132968959183785,10.149581475784835,3.828641396489095,6.303531512044931,0.18923738043416438,0.12060260111202546,0.36476269290394714,0,1,0,0,0,0.0,0.0,0.0,0.0,0.0,true,mev_bot,true,1,1.0,0x51c72848c68a965f66fa7a88855f9f7784502a7f,1.0,0.0009961648822081185,0.0006148279671538415,0.0031087953019537373,58890,278733.0855534883,0.4297683443953707,0.23858202350000002,0.0001850362070533886
0xf72837a9fce033d57094f52e4f88f129502fa067,2025-01-01 00:47:11.000000,2026-06-30 14:46:59.000000,21526126,25431181,59151,59151,546,59151,1494714002.8716116,59151,25269.462948582637,8638.94395,64447.76394998233,50.032507,3804565.429687,60033.50374,50,4,20,22,545.5831944444444,108.33516483516483,1.0,2.5504208016259877,0.998933017973527,0.0008452942469273554,1.0,true,false,2025-01-01 00:00:00.000000,10.987865681176412,21.125200723730426,10.137391520300802,3.9318256327243257,6.3036865274019265,0.18880103139743043,0.12088627664314242,0.36481598632565637,0,1,0,0,0,0.0,0.0,0.0,0.0,0.0,true,mev_bot,true,1,1.0,0x51c72848c68a965f66fa7a88855f9f7784502a7f,1.0,0.0009893479097373126,0.0006144791143909423,0.003104208210195858,59151,276107.18804531195,0.41618887443384833,0.22326134500000003,0.00018472242015185575
0xa794401988f9e484e03eb55a8e80db15968a38be,2025-01-01 04:08:11.000000,2026-06-30 14:10:59.000000,21527127,25431001,57441,57441,546,57441,1482872013.7864776,57441,25815.56751773955,8508.443203,62766.53779917594,50.849561,4501796.12361,62121.62549,76,4,42,38,545.4186111111111,105.2032967032967,1.0,2.4313444884000703,0.9992339003419743,0.0013230967427447294,1.0,true,false,2025-01-01 00:00:00.000000,10.958531022057445,21.117246594817985,10.158771716668802,4.343805421853684,6.303385369007237,0.2013499447470597,0.1252906731434238,0.38438948315012295,0,1,1,0,0,0.0,0.000017409167667693808,0.0,0.0,0.0,true,mev_bot,true,1,1.0,0x51c72848c68a965f66fa7a88855f9f7784502a7f,1.0,0.0010607590205339587,0.0006180487697704518,0.0031357079862256443,57441,284209.936080562,0.46657456678111975,0.292912124,0.00019166181129471777
0xa172577031eafd8b03dce022533863fe988159cd,2025-01-01 00:11:59.000000,2026-06-30 14:18:35.000000,21525950,25431039,57646,57646,546,57646,1467345719.2596521,57646,25454.423884738786,8505.033764,59631.740815281766,50.95783,2617513.76096,60926.386006,79,4,42,40,545.5879166666666,105.57875457875458,1.0,2.3426867205992434,0.9989243877357333,0.0013704333344898172,1.0,true,false,2025-01-01 00:00:00.000000,10.962093486181855,21.106720973141343,10.144684118515164,4.382026634673881,6.303695166895185,0.19348951623158372,0.12475233002892924,0.3700303877323866,0,1,0,0,0,0.0,0.0,0.0,0.0,0.0,true,mev_bot,true,1,1.0,0x51c72848c68a965f66fa7a88855f9f7784502a7f,1.0,0.0010499465338893177,0.0006195908980868303,0.0031361007825284615,57646,276041.6249927272,0.4543258101659868,0.2750094165,0.00018812309966870227
0x30a1b724c9dfe2e12a19ed84878312d199d1519e,2025-01-01 02:52:23.000000,2026-06-30 14:48:35.000000,21526750,25431189,175356,31644,545,31636,1435165687.6488688,175317,8186.118218135542,1636.487884,35214.79910232409,0.023452998914435384,3942521.220992,15415.173378820415,1987,4,1108,1039,545.4973611111111,321.75412844036697,5.541524459613197,4.301770163092582,0.9972600762278765,0.011331234745318096,0.9997775952918634,true,false,2025-01-01 00:00:00.000000,12.074579174931216,21.084546141965795,9.010317249010262,7.59488438721652,6.303529478896996,0.14129545939299426,0.0599877968294411,0.32140541486059354,2283,71,0,4512,0,0.0,0.0,0.0,0.07214637846037164,0.0,true,mev_bot,true,6,0.7134852144332889,0x50d3865a63d52c0a54e4679949647ea752107390,0.8329341453956522,0.004682980234650567,0.0005331824022348775,0.008121314228357601,175238,424154.9624607904,2.1373395001046775,0.0,0.00029554420180429773
0x6bf97afe2d2c790999cded2a8523009eb8a0823f,2025-01-01 00:05:47.000000,2026-06-30 14:21:23.000000,21525919,25431053,78359,51902,545,51902,1339221572.3627467,78359,17090.84562542588,2329.911549,110182.26092520183,2e-6,8845040.0,20804.47391315639,1641,4,1068,865,545.5941666666666,143.77798165137614,1.509749142614928,6.446858355638341,0.9970834546654816,0.020942074299059456,1.0,true,false,2025-01-01 00:00:00.000000,11.269068872058478,21.01535436671157,9.746356764744768,7.403670290012373,6.303706601403846,0.06454013419559784,0.0431431501783487,0.20615361319894732,575,16,3,130,0,0.0,0.00003828532778621473,0.0,0.011078571153327424,0.0,true,mev_bot,true,68,0.3841106508131286,0x68b3465833fb72a70ecdf485e0e4c7bd8665fc45,0.613815898620452,0.00583982383192981,0.0005784751208215977,0.013502023366932292,78352,410133.1370642865,3.41957757186376,1.094,0.0003062474093369788
0xbbde9f0c24b6f59d7e828bb4e129992be0cdc237,2025-01-01 00:02:11.000000,2026-06-30 13:51:47.000000,21525901,25430906,178498,178498,546,176128,1304793641.5474517,178498,7309.850203069232,764.2117625000001,28039.72940014212,0.092412,2069244.474511,15543.469805,297,4,154,155,545.5761111111111,326.9194139194139,1.0,3.8358829006330266,0.9989459636098256,0.0016638841891785901,1.0,true,false,2025-01-01 00:00:00.000000,12.092338277945242,20.989310736901338,8.897114852830123,5.697093486505405,6.303673568022086,0.13233749604306907,0.018873434536379734,0.30407441296378573,0,1,0,6,0,0.0,0.0,0.0,0.0,0.0,true,mev_bot,true,3,0.5017704124494475,0xfbd4cdb413e45a52e2c8312f670e9ce67e794c37,0.6648701946240294,0.003265702819143278,0.003185001234529028,0.01011260414093118,178498,289890.2972936384,0.1287044042089759,0.05239830150000001,0.00022217329090432717
0x2f61d0de31c5bb5025a6d67c09468fd228562db9,2025-01-01 08:26:47.000000,2025-08-13 09:56:59.000000,21528413,23131377,16659,16659,225,16659,1301595206.5809152,16659,78131.65295521432,62614.96124002313,57542.715137760104,676.0021583051966,1329981.468232,146490.513996,24,4,14,15,224.06263888888887,74.04,1.0,0.7364840363833598,0.9997216824205114,0.0014406627048442284,1.0,true,false,2025-01-01 00:00:00.000000,9.720765915720834,20.98685643191773,11.26616334006789,3.2188758248682006,5.416378758521434,0.3358393514679244,0.19332648465800123,0.5534970786264949,0,1,0,0,0,0.0,0.0,0.0,0.0,0.0,false,high_frequency,true,1,1.0,0x5dc62cea20b0e7c3607adcc61a885ff9369dbc60,1.0,0.002086297763418349,0.000990511668553351,0.0036536960198603197,16659,259110.98977025168,9.317805179690136,23.805702839000002,0.00019907186847352892
0xe2ca3167b89b8cf680d63b06e8aeefc5e4ebe907,2025-01-01 03:23:11.000000,2025-11-23 03:04:59.000000,21526904,23858800,9652,8325,327,4565,1244585875.9920926,9644,129052.86976276364,3401.533966780974,464812.6755273821,2.1499e-14,10150156.78252,290544.337535,902,4,721,745,325.9873611111111,29.516819571865444,1.1593993993993994,3.6017228937399204,1.0000386525303178,0.0934521342726896,0.9991711562370493,true,false,2025-01-01 00:00:00.000000,9.175024026848615,20.942068682607797,11.767985191235441,6.805722553416985,5.789921519113926,0.1842210523052662,0.07793531515040872,0.3206765949525462,546,3,0,7938,0,0.0,0.0,0.0,0.06558558558558558,0.0,true,mev_bot,true,4,0.7083468869153806,0xaf92e072cb195e7549f18ed99e72800f9203c72d,0.8258392043099876,0.03612471641181233,0.007965014064459597,0.06292327959735933,9515,43684.864284927186,1.1088804325860344,0.0,0.00003509988858730643
0x2ee36e41387f87b7e6f678a86d1e575b23b996f5,2025-01-01 00:05:47.000000,2026-06-30 14:02:23.000000,21525919,25430958,131510,26321,532,26281,1224122840.4862857,131447,9312.672335513824,1296.442592,53180.976562004405,5.240338065903e-7,6060114.543565,13058.174881,1831,4,966,992,545.5809722222222,247.19924812030075,4.996390714638501,5.710603213129174,0.9733233080490515,0.013922895597292982,0.9995209489772641,true,false,2025-01-01 00:00:00.000000,11.786845777291589,20.925490376692157,9.139238743141862,7.513163545234075,6.303682461732214,0.17453068785429865,0.057556057182495284,0.37627540679846544,3497,95,0,2108,0,0.0,0.0,0.0,0.13285969378063142,0.0,true,mev_bot,true,6,0.42386104590571866,0xe6b1de575e7e610889ea21024834e120f92033a3,0.5190936050490457,0.004054595336971229,0.0005237016861643351,0.007557495160678385,131467,306797.78182203916,1.27659507192359,0.0,0.0002506265838225395
0x3eff3dc5a4f5c65d28e88dc8fd22800979c9e7c6,2025-01-01 00:02:11.000000,2026-06-30 14:22:47.000000,21525901,25431060,148121,148121,546,145727,1130712772.0059733,148121,7633.710088414022,777.176374,31086.296988482252,0.13879300384499896,2451985.841117,15922.48916,295,4,152,155,545.5976388888888,271.2838827838828,1.0,4.0722396617685455,0.998906620068642,0.0019916149634420506,1.0,true,false,2025-01-01 00:00:00.000000,11.905791537501878,20.846114043388916,8.940460245538747,5.69035945432406,6.303712953852163,0.13634303763735797,0.020714923849534557,0.3098813436182934,0,1,0,0,4501,0.0,0.0,0.030387318476110748,0.0,0.0,true,mev_bot,true,3,0.5088026266774864,0xfbd4cdb413e45a52e2c8312f670e9ce67e794c37,0.6701345521566827,0.0031080966166647833,0.0031297148300286626,0.007328326558798892,148121,273854.80110960786,0.12266096876013705,0.052233589000000004,0.0002421966107482521
0x5d3a10e4cd115311ed3599be26a60abf279871f2,2025-01-01 00:04:23.000000,2025-08-13 09:22:59.000000,21525912,23131207,12119,12119,214,12119,1124918192.6653023,12119,92822.6910360015,69064.166412,184989.6181794402,889.281082,5975441.393452,145467.493427,23,4,14,12,224.38791666666665,56.63084112149533,1.0,1.9929353061708968,0.9494741473496621,0.0018978463569601452,1.0,true,false,2025-01-01 00:00:00.000000,9.402612259623305,20.84097615321685,11.438457177529227,3.1780538303479458,5.417822991768813,0.40795281571686864,0.22351751217866508,0.6290061723935289,0,1,0,0,0,0.0,0.0,0.0,0.0,0.0,false,high_frequency,true,1,1.0,0x5dc62cea20b0e7c3607adcc61a885ff9369dbc60,1.0,0.0018819038084966998,0.0008031086534650012,0.0037574529591428707,12119,226938.82785841907,9.556191455570202,25.560763322000003,0.00020173807245549663
0xd2adf24253056d45731a8561749fc9b2ffa4fe19,2025-04-11 00:36:35.000000,2026-03-18 08:18:35.000000,22242153,24683125,41849,28059,342,28059,1074529173.2809727,41849,25676.340492747084,3034.954743,210223.90656247293,0.08,23457305.210957445,33001.432926,782,4,462,396,341.3208333333333,122.36549707602339,1.4914644142699311,8.187455943024897,0.999062770062198,0.018686229061626324,1.0,true,false,2025-04-01 00:00:00.000000,10.641847075917621,20.79514842517287,10.153364189074296,6.663132695990803,5.835748406474999,0.07215585835169067,0.05564601374922669,0.2168254996807176,61,14,4,20,0,0.0,0.00009558173433056943,0.0,0.0021739905199757653,0.0,true,mev_bot,true,14,0.19647163004869664,0x66a9893cc07d91d95644aedd05d03f95e1dba8af,0.3434729623169012,0.004118279709684364,0.0005427103439787917,0.011948326106834717,41847,81267.95050544063,1.587245192793461,1.012842078,0.00007563121832913728
0xfac983fce7ef3cee8ffb2ceb967e1b2362aada00,2025-01-01 04:00:47.000000,2026-01-19 01:55:47.000000,21527090,24265669,2101,1825,304,1458,1052621424.6482543,2101,501009.7213937431,984.462247,1371480.453394051,0.000024,10194338.36961688,1715074.473309,100,4,69,74,382.9131944444444,6.911184210526316,1.1512328767123288,2.7374328178279113,0.7918456682373585,0.047596382674916705,1.0,true,false,2025-01-01 00:00:00.000000,7.650644551436897,20.774549485653285,13.124382779825536,4.61512051684126,5.9504164708989284,0.12444560408236435,0.16690245867825237,0.18210864703233834,102,3,0,681,0,0.0,0.0,0.0,0.05589041095890411,0.0,true,mev_bot,true,12,0.2003286665015934,0xba6d84cc7418a9c46133788c04f6a459e1fb669c,0.32460732984293195,0.02350844110756066,0.000508980742329912,0.03520611606604418,2082,15715.226217374277,2.7107646199399986,0.0,0.000014929608926234523
