transaction_hash,block_number,log_index,mev_type,estimated_loss_usd,extractor_address,is_sandwich_victim,is_sandwich_attacker,is_arbitrage,is_liquidation,is_backrun
0x01b4330c61e114dc6d932fef116717148261b89912d7df767b980d64c357b94b,23547035,380,arbitrage,,0x9112d189ab4fb53f93aa54e233bc607d79e17ac2,false,false,true,false,false
0x373ac04d799dc8089b3124c3e422f82e30affb5721663ef551d5bcbe502db48a,21803405,533,arbitrage,,0x1a9f2d2a11654282360683aee55a2acad681832d,false,false,true,false,false
0x538e7e3212f8df7354aabc82866c4e57d227702876b710b4d848cd59b20e0d4e,23832601,133,arbitrage,,0xdc511b025dcd743c12e220d7b2c4d3e4d3949e1d,false,false,true,false,false
0x9cc9973775c4a85b115df83e8ed0143a58543514ca87d093eac5380db6d3e0d7,22024296,21,sandwich_victim,,0xb58555fcba6479fced7de1485eb054943a09af7b,true,false,false,false,false
0x8da7c43f44552b10c96972780c16ab8405d7db6313cdf39d728839c2f5768a24,21682456,6,arbitrage,,0xd1fa51f2db23a9fa9d7bb8437b89fb2e70c60cb7,false,false,true,false,false
0xc27efc1e8feffd85d5a48d480c706e8a25b6aee0a7b82cccfbbc553ad615a30b,23055958,235,arbitrage,,0xc4d8ca9da9df454288e7210b112be912dee700be,false,false,true,false,false
0x5e7aec7db4fc1aa83881afe821b8af4f4c7d4fb494e0f583cba0b32631e73292,21919087,390,arbitrage,,0xc24d30475eca133302192b502085a3cc124b0b9b,false,false,true,false,false
0xb27460212ccdb70b8f2ddf1e67ef43a972482c765a6b935d69b3ebfa3110235c,25142158,117,arbitrage,,0xee0b97f6f1ff5bba7f7a2383b9af7f3ba3d82ea4,false,false,true,false,false
0x8ac63d56ec68aba02492a7ee290dfd148bf2f82abe3f76fa2826d1c9a7aeb8a0,23422713,61,sandwich_attacker,,0xae2fc483527b8ef99eb5d9b44875f005ba1fae13,false,true,false,false,false
0x66d3466b1b0edd5f25396f8b4c90e4dd7f44346c0cff68c237d828c2257172b7,22450109,68,arbitrage,,0x3982f6a7b4e1a7d204d5594ea9f4f35ef6ecde43,false,false,true,false,false
0x885215baee893ddbe828572e7257b1d99a9294a62800920a534a62dd3f2b4bd6,24051330,75,sandwich_attacker,,0xae2fc483527b8ef99eb5d9b44875f005ba1fae13,false,true,false,false,false
0x9c86e8d51541edde206ca4a2e634ee4f885421c81fd4f0eb9070d6081cebe219,22446548,468,arbitrage,,0xf806472e1f1482384e58c8d743b14fd76033449c,false,false,true,false,false
0x1c4c92ee581e5ffbabbbf1acaebdd5297de08dbc75582305abb3a17734fec166,22213133,150,arbitrage,,0x71db78efedf8a22bf12ac916bf5f379807b9adcb,false,false,true,false,false
0xa5a32993af979f09ad48b8be064293f9718a8eea49c1e3b6ff08e533ac9ff77b,23130419,221,arbitrage,,0x0000000000000792b907283999351c9587689a82,false,false,true,false,false
0x1bc6308f2d6fa3f4a59c81ea49d5265111006f905555f413d3774034bac60a08,24672439,36,arbitrage,,0x60580573a6fef86029944c4043666bf3e1728b68,false,false,true,false,false
0x37a69f4866e9f1f7843e290fd5cabc9b3d300235cad8ced3c683b1aee09b8759,22388856,204,arbitrage,,0xdbeba700d283b62dafa37b430d41fe81391815ea,false,false,true,false,false
0x2c309c96120bdf57ebc725d904c43881175f380e08e3e14e4f7f6d4c2d5e8f28,24143233,835,arbitrage,,0xdbe936e556048a23c670ae9e3d8e52b2daac558e,false,false,true,false,false
0x363e54bccb0ac135ee6fcd8530fd707be859ad03ca20dd35118e73261bae5bcd,22233931,48,sandwich_victim,,0xeb7742c9ad0cf9e2e6b4a7fda44719193376a547,true,false,false,false,false
0x0dbcbc9f3de9dceed4ff1f84f7ca607d5570775970f16a2212a099d29faa320b,22621326,270,arbitrage,,0xe520dad06bad86278a774b8960ff702bb9894c01,false,false,true,false,false
0x65d0f01b5050aaa1cc210f3fb1db2eee7bea077c900ec5fd92fb49e6444c6b6f,24348862,26,sandwich_victim,,0xae2fc483527b8ef99eb5d9b44875f005ba1fae13,true,false,false,false,false
0x8f9f3b4c65943dfd97afd3e76a2d2a624724ceb6a642aa513c51a927713623b7,25191822,313,arbitrage,,0xf40b204cf244adc701bbe24fab7a857f24f627e3,false,false,true,false,false
0x11908ae163eb87c303c72833b2d68e519c1b05491d6161f2020e8d3593182b08,25223204,108,sandwich_victim,,0x77ad3a15b78101883af36ad4a875e17c86ac65d1,true,false,false,false,false
0x20b14e017ce5ab80dd50aa8333977029872d9ae34f6213d10939181ca1622bec,21864972,203,sandwich_attacker,,0x676b803b6748f25af2c5f25992136b728bb46f72,false,true,false,false,false
0x86cb183fad829bd0b7379d0639d343941580015731bda29a405b25e51ad2a77c,23061769,243,arbitrage,,0x3fbac8506b8d74f082d29134c0cd41b61c54737d,false,false,true,false,false
0x17d3e120d0744f2eb894919c4eb520dff2564f887c954f52599a8805334a34ae,24609829,44,sandwich_attacker,,0x00000027f490acee7f11ab5fdd47209d6422c5a7,false,true,false,false,false
0x92288a7f9b8ab15561606c634b6ef02f2769c10ea21d461b3842d4b0ed0f64b5,24832216,71,arbitrage,,0x48c331f4d18029d3ad4d86ca96bcc295e9224349,false,false,true,false,false
0x5daa930c5d93d0f014da8766b9a63890b99eae2006558aa264f5e10116d16d3e,22005309,230,arbitrage,,0xebccd372d21d1170f744f9636e97bf248a22e760,false,false,true,false,false
0x76946a58e8d4a8cddf69ddcfc764a49dedc9014b04f636983bfacced540335b9,23249538,684,arbitrage,,0x6a45de91b516c17cacec184506d719947613465e,false,false,true,false,false
0xdd621355e13712129cd929e11e5721dcd0d7b5adf3b24d9c6963dabe1e01c480,23171975,298,arbitrage,,0x88cf6f488060931585bbd20963b602534f5e5049,false,false,true,false,false
0xdcc8bd39c803acd2bf734ba2e0090286fadc19f4cdb7abe343e78bdb2f16a79e,25076009,114,arbitrage,,0x4ae2383d824f90ddbc3f45064038d3ef7b5d97d8,false,false,true,false,false
0xfbcf8ee0380df9545ba8a959b21c854514b4625e9e1874d0097235b917d23123,22210960,25,arbitrage,,0x9a571056f8ecd67d153b25bd3108923160aaeef6,false,false,true,false,false
0x75dd3f5c3e3a8d48550c040639289dd1f9ec246b06c9198ee209e652c6c359b7,25020933,335,arbitrage,,0x0e12cc6dc6b31eee546326f1d1955979bbf75362,false,false,true,false,false
0x92d59345f1e984ee2ddd6daf42a0737c5a9fa950d83484ff6a192435166cb7a9,24268595,172,arbitrage,,0x34fb86bb5fcd2a35de15f41ade72c9a529363d19,false,false,true,false,false
0x698c6a93bbfdffda3aab13a95dca3f9b65536bb3b1aa7b9d4a4561e43b2ccc47,21755344,232,arbitrage,,0x9becf8563f08bbd2e394eae33c2dc7760fd31dfd,false,false,true,false,false
0x7b3081534ca50f515d4e7f7b34ab082255958c375f9b66f6bd57907643022389,23156479,165,arbitrage,,0x1ded480959ac0ccc36757e26d10f83df44eae808,false,false,true,false,false
0xdc5bb898b89892e63599a8565c92ed290210ee1552c3d788bed79edd4d4af7ff,22546623,20,sandwich_victim,,0xe2ca3167b89b8cf680d63b06e8aeefc5e4ebe907,true,false,false,false,false
0x665af207503e83ed32181773caa2f9a57dc2d68fe869ea347a6b93b0dedf5e1f,24657046,120,arbitrage,,0x306f441ccb3b21d21a582282cdf5e20e3fd401c9,false,false,true,false,false
0x1d4e5228a56a9b261b802f49525569dc44a36102d9aab3ed30f789b7d1bfba20,25174506,392,arbitrage,,0x7c1fb21f233b1bce1e175725beb8f0045facd8bf,false,false,true,false,false
0x739f6d89eeba31cd4fb05cf2ec7f28a573e3e81e32b9132e9c4c564244d83751,24962448,341,arbitrage,,0x1df431a2aaba83271edaa1a3fb286f9f8fab19df,false,false,true,false,false
0x607d504bd8bc03b0b13d739d0f65585cf2e3d83538eedb8a0039a95d2d29b0d6,25025142,200,arbitrage,,0x8a937bd654599aff2e8757074584f4da93b5a844,false,false,true,false,false
0xd0b62320774a4f2eea654357a36ee2a56e1a8b9fef33801b100ec80224eb7500,24595397,191,arbitrage,,0xaf6172a7360c070f544a3e5bc78b344c5dfe4938,false,false,true,false,false
0xe83acc8cfbda4b7a3ad7a5837bed00dba89da4c8db60e67b6a9e0b3681087d7c,22944580,5,sandwich_attacker,,0x26ce7c1976c5eec83ea6ac22d83cb341b08850af,false,true,false,false,false
0x21ac99a71811de25073a53fa7fffd99db301413721ed6a63e8a767ec79458fea,21862453,21,arbitrage,,0xfc76532545811c0fe7735519a7945736f000459a,false,false,true,false,false
0xba4a41e8de8bbe487febe21722a1eba442911e386d87bdee34edcdbf5d129e58,25271987,37,arbitrage,,0xa10e06afd2bd2d35074d3fe3b0d70b0b763bb2c0,false,false,true,false,false
0x1d4165afd7a54096cae8355a8c41cb2fabfa33cbeff1e69745ffe442a758afde,22529617,171,arbitrage,,0x03a626fbc3e7fd79ce798053b4aa3181e891580e,false,false,true,false,false
0xbe3b67d386e79ea0bcb03b377330e8dd8ff75200b685ab0416ef4c5424e43db2,22980943,164,arbitrage,,0x94ddf91098550093e6e30cc82ab757850a47d282,false,false,true,false,false
0x8f3dee384ffe42f866b6bc7f146a01c3cde1b03eefa65fcede2b73500445d1c8,21539963,374,arbitrage,,0x5adfaf7f80a682a61412565cdcfc5249408a61ac,false,false,true,false,false
0xda3a01d13ed7f42938aa01c75f05db601d36a4a98f3151ee6a21f9b6a5271e36,24473487,236,arbitrage,,0x0000000000001efe53a797754f094caf01bf92c7,false,false,true,false,false
0x7d474668a05dfa3e5f28b7b12f796baec714c7120910693c66acacd8af72299b,23850612,73,arbitrage,,0xe7ef13fddfdbb299d2f1caac9d7234877a74a432,false,false,true,false,false
0x106e3ac6ceb3d1ab4ead9a7bd70569b4df5fa711facb5680ff86bd5d387fcddf,23181685,199,arbitrage,,0x0000000000008359421a71a3d1f8c72921c8504d,false,false,true,false,false
